Rank,Title,Year,Rating,Votes,DurationMin,Genres,Directors,Stars,URL,Poster,Description
1,The Shawshank Redemption,1994.0,9.3,3109670,142,Drama,,,https://www.imdb.com/title/tt0111161/,https://m.media-amazon.com/images/M/MV5BMDAyY2FhYjctNDc5OS00MDNlLThiMGUtY2UxYWVkNGY2ZjljXkEyXkFqcGc@._V1_.jpg,"A banker convicted of uxoricide forms a friendship over a quarter century with a hardened convict, while maintaining his innocence and trying to remain hopeful through simple compassion."
2,The Godfather,1972.0,9.2,2167770,175,"Crime, Drama",,,https://www.imdb.com/title/tt0068646/,https://m.media-amazon.com/images/M/MV5BNGEwYjgwOGQtYjg5ZS00Njc1LTk2ZGEtM2QwZWQ2NjdhZTE5XkEyXkFqcGc@._V1_.jpg,The aging patriarch of an organized crime dynasty transfers control of his clandestine empire to his reluctant son.
3,The Dark Knight,2008.0,9.1,3084957,152,"Action, Crime, Drama",,,https://www.imdb.com/title/tt0468569/,https://m.media-amazon.com/images/M/MV5BMTMxNTMwODM0NF5BMl5BanBnXkFtZTcwODAyMTk2Mw@@._V1_.jpg,"When a menace known as the Joker wreaks havoc and chaos on the people of Gotham, Batman, James Gordon and Harvey Dent must work together to put an end to the madness."
4,The Godfather Part II,1974.0,9.0,1456638,202,"Crime, Drama",,,https://www.imdb.com/title/tt0071562/,https://m.media-amazon.com/images/M/MV5BMDIxMzBlZDktZjMxNy00ZGI4LTgxNDEtYWRlNzRjMjJmOGQ1XkEyXkFqcGc@._V1_.jpg,"The early life and career of Vito Corleone in 1920s New York City is portrayed, while his son, Michael, expands and tightens his grip on the family crime syndicate."
5,12 Angry Men,1957.0,9.0,951955,96,"Crime, Drama",,,https://www.imdb.com/title/tt0050083/,https://m.media-amazon.com/images/M/MV5BYjE4NzdmOTYtYjc5Yi00YzBiLWEzNDEtNTgxZGQ2MWVkN2NiXkEyXkFqcGc@._V1_.jpg,The jury in a New York City murder trial is frustrated by a single member whose skeptical caution forces them to more carefully consider the evidence before jumping to a hasty verdict.
6,The Lord of the Rings: The Return of the King,2003.0,9.0,2112932,201,"Adventure, Drama, Fantasy",,,https://www.imdb.com/title/tt0167260/,https://m.media-amazon.com/images/M/MV5BMTZkMjBjNWMtZGI5OC00MGU0LTk4ZTItODg2NWM3NTVmNWQ4XkEyXkFqcGc@._V1_.jpg,Gandalf and Aragorn lead the World of Men against Sauron&apos;s army to draw his gaze from Frodo and Sam as they approach Mount Doom with the One Ring.
7,Schindler&apos;s List,1994.0,9.0,1550237,195,"Biography, Drama, History",,,https://www.imdb.com/title/tt0108052/,https://m.media-amazon.com/images/M/MV5BNjM1ZDQxYWUtMzQyZS00MTE1LWJmZGYtNGUyNTdlYjM3ZmVmXkEyXkFqcGc@._V1_.jpg,"In German-occupied Poland during World War II, industrialist Oskar Schindler gradually becomes concerned for his Jewish workforce after witnessing their persecution by the Nazis."
8,The Lord of the Rings: The Fellowship of the Ring,2001.0,8.9,2147531,178,"Adventure, Drama, Fantasy",,,https://www.imdb.com/title/tt0120737/,https://m.media-amazon.com/images/M/MV5BNzIxMDQ2YTctNDY4MC00ZTRhLTk4ODQtMTVlOWY4NTdiYmMwXkEyXkFqcGc@._V1_.jpg,A meek Hobbit from the Shire and eight companions set out on a journey to destroy the powerful One Ring and save Middle-earth from the Dark Lord Sauron.
9,Pulp Fiction,1994.0,8.8,2376361,154,"Crime, Drama",,,https://www.imdb.com/title/tt0110912/,https://m.media-amazon.com/images/M/MV5BYTViYTE3ZGQtNDBlMC00ZTAyLTkyODMtZGRiZDg0MjA2YThkXkEyXkFqcGc@._V1_.jpg,"The lives of two mob hitmen, a boxer, a gangster and his wife, and a pair of diner bandits intertwine in four tales of violence and redemption."
10,"Il buono, il brutto, il cattivo",1967.0,8.8,870443,178,"Adventure, Drama, Western",,,https://www.imdb.com/title/tt0060196/,https://m.media-amazon.com/images/M/MV5BMWM5ZjQxM2YtNDlmYi00ZDNhLWI4MWUtN2VkYjBlMTY1ZTkwXkEyXkFqcGc@._V1_.jpg,A bounty-hunting scam joins two men in an uneasy alliance against a third in a race to find a fortune in gold buried in a remote cemetery.
11,Forrest Gump,1994.0,8.8,2428249,142,"Drama, Romance",,,https://www.imdb.com/title/tt0109830/,https://m.media-amazon.com/images/M/MV5BNDYwNzVjMTItZmU5YS00YjQ5LTljYjgtMjY2NDVmYWMyNWFmXkEyXkFqcGc@._V1_.jpg,"The history of the United States from the 1950s to the &apos;70s unfolds from the perspective of an Alabama man with an IQ of 75, who yearns to be reunited with his childhood sweetheart."
12,The Lord of the Rings: The Two Towers,2002.0,8.8,1906512,179,"Adventure, Drama, Fantasy",,,https://www.imdb.com/title/tt0167261/,https://m.media-amazon.com/images/M/MV5BMGQxMDdiOWUtYjc1Ni00YzM1LWE2NjMtZTg3Y2JkMjEzMTJjXkEyXkFqcGc@._V1_.jpg,"While Frodo and Sam edge closer to Mordor with the help of the shifty Gollum, the divided fellowship makes a stand against Sauron&apos;s new ally, Saruman, and his hordes of Isengard."
13,Fight Club,1999.0,8.8,2524753,139,"Crime, Drama, Thriller",,,https://www.imdb.com/title/tt0137523/,https://m.media-amazon.com/images/M/MV5BOTgyOGQ1NDItNGU3Ny00MjU3LTg2YWEtNmEyYjBiMjI1Y2M5XkEyXkFqcGc@._V1_.jpg,An insomniac office worker and a devil-may-care soap maker form an underground fight club that evolves into much more.
14,Inception,2010.0,8.8,2740077,148,"Action, Adventure, Sci-Fi",,,https://www.imdb.com/title/tt1375666/,https://m.media-amazon.com/images/M/MV5BMjAxMzY3NjcxNF5BMl5BanBnXkFtZTcwNTI5OTM0Mw@@._V1_.jpg,"A thief who steals corporate secrets through the use of dream-sharing technology is given the inverse task of planting an idea into the mind of a C.E.O., but his tragic past may doom the project and his team to disaster."
15,Star Wars: Episode V - The Empire Strikes Back,1980.0,8.7,1469242,124,"Action, Adventure, Fantasy",,,https://www.imdb.com/title/tt0080684/,https://m.media-amazon.com/images/M/MV5BMTkxNGFlNDktZmJkNC00MDdhLTg0MTEtZjZiYWI3MGE5NWIwXkEyXkFqcGc@._V1_.jpg,"After the Empire overpowers the Rebel Alliance, Luke Skywalker begins training with Jedi Master Yoda, while Darth Vader and bounty hunter Boba Fett pursue his friends across the galaxy."
16,The Matrix,1999.0,8.7,2193818,136,"Action, Sci-Fi",,,https://www.imdb.com/title/tt0133093/,https://m.media-amazon.com/images/M/MV5BN2NmN2VhMTQtMDNiOS00NDlhLTliMjgtODE2ZTY0ODQyNDRhXkEyXkFqcGc@._V1_.jpg,"When a beautiful stranger leads computer hacker Neo to a forbidding underworld, he discovers the shocking truth--the life he knows is the elaborate deception of an evil cyber-intelligence."
17,GoodFellas,1990.0,8.7,1353900,145,"Biography, Crime, Drama",,,https://www.imdb.com/title/tt0099685/,https://m.media-amazon.com/images/M/MV5BN2E5NzI2ZGMtY2VjNi00YTRjLWI1MDUtZGY5OWU1MWJjZjRjXkEyXkFqcGc@._V1_.jpg,"The story of Henry Hill and his life in the mafia, covering his relationship with his wife Karen and his mob partners Jimmy Conway and Tommy DeVito."
18,Interstellar,2014.0,8.7,2417980,169,"Adventure, Drama, Sci-Fi",,,https://www.imdb.com/title/tt0816692/,https://m.media-amazon.com/images/M/MV5BYzdjMDAxZGItMjI2My00ODA1LTlkNzItOWFjMDU5ZDJlYWY3XkEyXkFqcGc@._V1_.jpg,"When Earth becomes uninhabitable in the future, a farmer and ex-NASA pilot, Joseph Cooper, is tasked to pilot a spacecraft, along with a team of researchers, to find a new planet for humans."
19,One Flew Over the Cuckoo&apos;s Nest,1975.0,8.7,1134049,133,Drama,,,https://www.imdb.com/title/tt0073486/,https://m.media-amazon.com/images/M/MV5BYjBkMjgzMzYtNzRiMS00NDc3LWE4YTUtZjYxYjZhNjNhYzhhXkEyXkFqcGc@._V1_.jpg,"A rebellious convict is sent to a psychiatric hospital for evaluation in 1963 Oregon, and encourages his docile companions to take more control of their lives and defy the tyrannical head nurse."
20,Se7en,1995.0,8.6,1958687,127,"Crime, Drama, Mystery",,,https://www.imdb.com/title/tt0114369/,https://m.media-amazon.com/images/M/MV5BY2IzNzMxZjctZjUxZi00YzAxLTk3ZjMtODFjODdhMDU5NDM1XkEyXkFqcGc@._V1_.jpg,"Two detectives, a rookie and a veteran, hunt a serial killer who uses the seven deadly sins as his motives."
21,It&apos;s a Wonderful Life,1947.0,8.6,535728,130,"Drama, Family, Fantasy",,,https://www.imdb.com/title/tt0038650/,https://m.media-amazon.com/images/M/MV5BMDM4OWFhYjEtNTE5Yy00NjcyLTg5N2UtZDQwNDZlYjlmNDU5XkEyXkFqcGc@._V1_.jpg,An angel is sent from Heaven to help a desperately frustrated businessman see the value of his own life.
22,The Silence of the Lambs,1991.0,8.6,1669252,118,"Crime, Drama, Horror",,,https://www.imdb.com/title/tt0102926/,https://m.media-amazon.com/images/M/MV5BNDdhOGJhYzctYzYwZC00YmI2LWI0MjctYjg4ODdlMDExYjBlXkEyXkFqcGc@._V1_.jpg,"A young F.B.I. cadet must receive the help of an incarcerated and manipulative cannibal killer to help catch another serial killer, a madman who skins his victims."
23,Shichinin no samurai,1956.0,8.6,391528,207,"Action, Drama",,,https://www.imdb.com/title/tt0047478/,https://m.media-amazon.com/images/M/MV5BZjliMWExOTMtZDQ3ZS00NWU3LWIyN2EtMjllNzk3ZTNlYzg4XkEyXkFqcGc@._V1_.jpg,"Farmers from a village exploited by bandits hire a veteran samurai for protection, and he gathers six other samurai to join him."
24,Saving Private Ryan,1998.0,8.6,1597877,169,"Drama, War",,,https://www.imdb.com/title/tt0120815/,https://m.media-amazon.com/images/M/MV5BZGZhZGQ1ZWUtZTZjYS00MDJhLWFkYjctN2ZlYjE5NWYwZDM2XkEyXkFqcGc@._V1_.jpg,"Following the Normandy Landings, a group of U.S. soldiers go behind enemy lines to retrieve a paratrooper whose comrades have been killed in action."
25,The Green Mile,1999.0,8.6,1516588,189,"Crime, Drama, Fantasy",,,https://www.imdb.com/title/tt0120689/,https://m.media-amazon.com/images/M/MV5BMTUxMzQyNjA5MF5BMl5BanBnXkFtZTYwOTU2NTY3._V1_.jpg,A death row guard learns that a gentle giant in his charge possesses a mysterious gift.
26,Cidade de Deus,2004.0,8.6,851456,130,"Crime, Drama",,,https://www.imdb.com/title/tt0317248/,https://m.media-amazon.com/images/M/MV5BYjY4NGI5OTUtY2ZlZS00Zjk4LTk5N2MtN2JmYWVjNGNmMGRlXkEyXkFqcGc@._V1_.jpg,"In the slums of Rio, two kids&apos; paths diverge as one struggles to become a photographer and the other a kingpin."
27,La vita è bella,1997.0,8.6,792377,116,"Comedy, Drama, Romance",,,https://www.imdb.com/title/tt0118799/,https://m.media-amazon.com/images/M/MV5BZTBhOGYzZjQtYzE0Mi00MGIwLWE0MWYtNzMxNTM2OTFkM2NjXkEyXkFqcGc@._V1_.jpg,"When an open-minded Jewish waiter and his son become victims of the Holocaust, he uses a perfect mixture of will, humor and imagination to protect his son from the dangers around their camp."
28,Terminator 2: Judgment Day,1991.0,8.6,1254225,137,"Action, Adventure, Sci-Fi",,,https://www.imdb.com/title/tt0103064/,https://m.media-amazon.com/images/M/MV5BNGMyMGNkMDUtMjc2Ni00NWFlLTgyODEtZTY2MzBiZTg0OWZiXkEyXkFqcGc@._V1_.jpg,"A cyborg, identical to the one who failed to kill Sarah Connor, must now protect her ten year old son John from an even more advanced and powerful cyborg."
29,Star Wars,1977.0,8.6,1535689,121,"Action, Adventure, Fantasy",,,https://www.imdb.com/title/tt0076759/,https://m.media-amazon.com/images/M/MV5BOGUwMDk0Y2MtNjBlNi00NmRiLTk2MWYtMGMyMDlhYmI4ZDBjXkEyXkFqcGc@._V1_.jpg,"Luke Skywalker joins forces with a Jedi Knight, a cocky pilot, a Wookiee and two droids to save the galaxy from the Empire&apos;s world-destroying battle station, while also attempting to rescue Princess Leia from the mysterious Darth ..."
30,Back to the Future,1985.0,8.5,1406959,116,"Adventure, Comedy, Sci-Fi",,,https://www.imdb.com/title/tt0088763/,https://m.media-amazon.com/images/M/MV5BZmM3ZjE0NzctNjBiOC00MDZmLTgzMTUtNGVlOWFlOTNiZDJiXkEyXkFqcGc@._V1_.jpg,"Marty McFly, a 17-year-old high school student, is accidentally sent 30 years into the past in a time-traveling DeLorean invented by his close friend, the maverick scientist Doc Brown."
31,Sen to Chihiro no kamikakushi,2003.0,8.6,934602,124,"Animation, Adventure, Family",,,https://www.imdb.com/title/tt0245429/,https://m.media-amazon.com/images/M/MV5BNTEyNmEwOWUtYzkyOC00ZTQ4LTllZmUtMjk0Y2YwOGUzYjRiXkEyXkFqcGc@._V1_.jpg,"During her family&apos;s move to the suburbs, a sullen 10-year-old girl wanders into a world ruled by gods, witches and spirits, and where humans are changed into beasts."
32,The Pianist,2003.0,8.5,986700,150,"Biography, Drama, Music",,,https://www.imdb.com/title/tt0253474/,https://m.media-amazon.com/images/M/MV5BMjEwNmEwYjgtNTk3ZC00NjljLTg5ZDctZTY3ZGQwZjRkZmQxXkEyXkFqcGc@._V1_.jpg,"During WWII, acclaimed Polish musician Wladyslaw faces various struggles as he loses contact with his family. As the situation worsens, he hides in the ruins of Warsaw in order to survive."
33,Gladiator,2000.0,8.5,1799371,155,"Action, Adventure, Drama",,,https://www.imdb.com/title/tt0172495/,https://m.media-amazon.com/images/M/MV5BYWQ4YmNjYjEtOWE1Zi00Y2U4LWI4NTAtMTU0MjkxNWQ1ZmJiXkEyXkFqcGc@._V1_.jpg,A former Roman General sets out to exact vengeance against the corrupt emperor who murdered his family and sent him into slavery.
34,Gisaengchung,2019.0,8.5,1106902,132,"Drama, Thriller",,,https://www.imdb.com/title/tt6751668/,https://m.media-amazon.com/images/M/MV5BYjk1Y2U4MjQtY2ZiNS00OWQyLWI3MmYtZWUwNmRjYWRiNWNhXkEyXkFqcGc@._V1_.jpg,Greed and class discrimination threaten the newly formed symbiotic relationship between the wealthy Park family and the destitute Kim clan.
35,Psycho,1960.0,8.5,766636,109,"Drama, Horror, Mystery",,,https://www.imdb.com/title/tt0054215/,https://m.media-amazon.com/images/M/MV5BYjZhMzFiZjItODA3ZC00MmRhLWIzMGYtMmVjOWUwYTA3MTRjXkEyXkFqcGc@._V1_.jpg,A secretary on the run for embezzlement takes refuge at a secluded California motel owned by a repressed man and his overbearing mother.
36,The Lion King,1994.0,8.5,1226391,88,"Animation, Adventure, Drama",,,https://www.imdb.com/title/tt0110357/,https://m.media-amazon.com/images/M/MV5BZGRiZDZhZjItM2M3ZC00Y2IyLTk3Y2MtMWY5YjliNDFkZTJlXkEyXkFqcGc@._V1_.jpg,"Lion prince Simba and his father are targeted by his bitter uncle, who wants to ascend the throne himself."
37,Hotaru no haka,1989.0,8.5,364712,88,"Animation, Drama, War",,,https://www.imdb.com/title/tt0095327/,https://m.media-amazon.com/images/M/MV5BNTY5MmE2OGMtN2IxNC00MDY4LTkwMGEtZDUzOTYyNWE0ZTNjXkEyXkFqcGc@._V1_.jpg,A young boy and his little sister struggle to survive in Japan during World War II.
38,The Departed,2006.0,8.5,1516747,151,"Crime, Drama, Thriller",,,https://www.imdb.com/title/tt0407887/,https://m.media-amazon.com/images/M/MV5BMTI1MTY2OTIxNV5BMl5BanBnXkFtZTYwNjQ4NjY3._V1_.jpg,An undercover cop and a mole in the police attempt to identify each other while infiltrating an Irish gang in South Boston.
39,Whiplash,2014.0,8.5,1105311,106,"Drama, Music",,,https://www.imdb.com/title/tt2582802/,https://m.media-amazon.com/images/M/MV5BMDFjOWFkYzktYzhhMC00NmYyLTkwY2EtYjViMDhmNzg0OGFkXkEyXkFqcGc@._V1_.jpg,A promising young drummer enrolls at a cut-throat music conservatory where his dreams of greatness are mentored by an instructor who will stop at nothing to realize a student&apos;s potential.
40,Seppuku,1964.0,8.6,83733,133,"Drama, Mystery",,,https://www.imdb.com/title/tt0056058/,https://m.media-amazon.com/images/M/MV5BZThiZjU5ZDQtZDI4Mi00ZGYyLTkzOTktYmIzZTFlZTkxYzg5XkEyXkFqcGc@._V1_.jpg,"When a ronin requesting seppuku at a feudal lord&apos;s palace is told of the brutal suicide of another ronin who previously visited, he reveals how their pasts are intertwined - and in doing so challenges the clan&apos;s integrity."
41,The Prestige,2006.0,8.5,1545422,130,"Drama, Mystery, Sci-Fi",,,https://www.imdb.com/title/tt0482571/,https://m.media-amazon.com/images/M/MV5BMTM3MzQ5MjQ5OF5BMl5BanBnXkFtZTcwMTQ3NzMzMw@@._V1_.jpg,Rival 19th-century magicians engage in a bitter battle for trade secrets.
42,American History X,1998.0,8.5,1248487,119,"Crime, Drama",,,https://www.imdb.com/title/tt0120586/,https://m.media-amazon.com/images/M/MV5BMzhiOTQ0NDItOTg0Zi00OGVmLWE0OGEtMTI4NDM0NWMxZWU4XkEyXkFqcGc@._V1_.jpg,A white supremacist is released from prison a changed man and hopes to prevent his younger brother from following in his footsteps.
43,Léon,1994.0,8.5,1323247,110,"Action, Crime, Drama",,,https://www.imdb.com/title/tt0110413/,https://m.media-amazon.com/images/M/MV5BNGRkYTNhOWQtYmI0Ni00MjZhLWJmMzAtMTA2Mjg4NGNiNDU0XkEyXkFqcGc@._V1_.jpg,"When her family is murdered by a group of corrupt officers led by the tyrannical Norman Stansfield, a young 12-year-old girl enlists the help of an Italian-American hitman to seek revenge."
44,Spider-Man: Across the Spider-Verse,2023.0,8.5,484863,140,"Animation, Action, Adventure",,,https://www.imdb.com/title/tt9362722/,https://m.media-amazon.com/images/M/MV5BNThiZjA3MjItZGY5Ni00ZmJhLWEwN2EtOTBlYTA4Y2E0M2ZmXkEyXkFqcGc@._V1_.jpg,"Traveling across the multiverse, Miles Morales meets a new team of Spider-People, made up of heroes from different dimensions. But when the heroes clash over how to deal with a new threat, Miles finds himself at a crossroads."
45,Casablanca,1943.0,8.5,641570,102,"Drama, Romance, War",,,https://www.imdb.com/title/tt0034583/,https://m.media-amazon.com/images/M/MV5BNWEzN2U1YTYtYTQyMS00NTVkLWE2NGQtZWFlMmM0MDNjMmRiXkEyXkFqcGc@._V1_.jpg,A cynical expatriate American cafe owner struggles to decide whether or not to help his former lover and her fugitive husband escape the Nazis in French Morocco.
46,Nuovo Cinema Paradiso,1990.0,8.5,307800,174,"Drama, Romance",,,https://www.imdb.com/title/tt0095765/,https://m.media-amazon.com/images/M/MV5BMTljNzc4YWEtYTZlMS00ODMyLWIwMTAtNWQxY2VkMDEwYTk5XkEyXkFqcGc@._V1_.jpg,"Salvatore, a famous film director, returns to his hometown for the funeral of the local theater&apos;s film projectionist, Alfredo. He reminisces about his life as a young boy falling in love with cinema."
47,Intouchables,2011.0,8.5,997616,112,"Comedy, Drama",,,https://www.imdb.com/title/tt1675434/,https://m.media-amazon.com/images/M/MV5BMTYxNDA3MDQwNl5BMl5BanBnXkFtZTcwNTU4Mzc1Nw@@._V1_.jpg,"After he becomes a quadriplegic from a paragliding accident, an aristocrat hires a young man from the projects to be his caregiver."
48,The Usual Suspects,1995.0,8.5,1210328,106,"Crime, Drama, Mystery",,,https://www.imdb.com/title/tt0114814/,https://m.media-amazon.com/images/M/MV5BOTE5MDUxZDUtZWZmZC00NDVmLWFhOGQtNWI2YTc4NzY3MGQ0XkEyXkFqcGc@._V1_.jpg,The sole survivor of a pier shoot-out tells the story of how a notorious criminal influenced the events that began with five criminals meeting in a seemingly random police lineup.
49,Alien,1979.0,8.5,1037389,117,"Horror, Sci-Fi",,,https://www.imdb.com/title/tt0078748/,https://m.media-amazon.com/images/M/MV5BN2NhMDk2MmEtZDQzOC00MmY5LThhYzAtMDdjZGFjOGZjMjdjXkEyXkFqcGc@._V1_.jpg,"After investigating a mysterious transmission of unknown origin, the crew of a commercial spacecraft encounters a deadly lifeform."
50,Modern Times,1936.0,8.5,277738,87,"Comedy, Drama, Romance",,,https://www.imdb.com/title/tt0027977/,https://m.media-amazon.com/images/M/MV5BODVkZGFhNGQtYjdiYi00Njc4LWFmYTItNTlmNzJjMTg1ZDc5XkEyXkFqcGc@._V1_.jpg,The Tramp struggles to live in modern industrial society with the help of a young homeless woman.
51,Rear Window,1954.0,8.5,556077,112,"Drama, Mystery, Thriller",,,https://www.imdb.com/title/tt0047396/,https://m.media-amazon.com/images/M/MV5BODZhOWI1ODgtMzdiOS00YjNkLTgwOGUtYmIyZDg5ZmQwMzQ1XkEyXkFqcGc@._V1_.jpg,A bored photographer recovering from a broken leg passes the time by watching his neighbors and begins to suspect one of them of murder.
52,Django Unchained,2012.0,8.5,1829607,165,"Drama, Western",,,https://www.imdb.com/title/tt1853728/,https://m.media-amazon.com/images/M/MV5BMjIyNTQ5NjQ1OV5BMl5BanBnXkFtZTcwODg1MDU4OA@@._V1_.jpg,"With the help of a German bounty-hunter, a freed slave sets out to rescue his wife from a brutal plantation owner in Mississippi."
53,C&apos;era una volta il West,1969.0,8.5,374982,166,"Drama, Western",,,https://www.imdb.com/title/tt0064116/,https://m.media-amazon.com/images/M/MV5BZjYyNGY1MDEtN2I1MC00MGVhLTljZTYtODQ1NzQ0ODc2NzZlXkEyXkFqcGc@._V1_.jpg,A mysterious stranger with a harmonica teams up with a notorious desperado to protect a beautiful widow and her land from a ruthless assassin in the employ of a railroad tycoon.
54,City Lights,1931.0,8.5,210196,87,"Comedy, Drama, Romance",,,https://www.imdb.com/title/tt0021749/,https://m.media-amazon.com/images/M/MV5BYmMwZDIyZWUtODVhYS00MDRmLTg0N2ItMzU5MGZhN2IxNmZjXkEyXkFqcGc@._V1_.jpg,"With the aid of a wealthy erratic tippler, a dewy-eyed tramp who has fallen in love with a sightless flower girl accumulates money to be able to help her medically."
55,Apocalypse Now,1979.0,8.4,753609,147,"Drama, Mystery, War",,,https://www.imdb.com/title/tt0078788/,https://m.media-amazon.com/images/M/MV5BZDhiMTljYjYtODc1Yy00MmEwLTg2OTYtYmE1YTRmNDE4MmEwXkEyXkFqcGc@._V1_.jpg,A U.S. Army officer serving in Vietnam is tasked with assassinating a renegade Special Forces Colonel who sees himself as a god.
56,WALL·E,2008.0,8.4,1285078,98,"Animation, Adventure, Family",,,https://www.imdb.com/title/tt0910970/,https://m.media-amazon.com/images/M/MV5BMjExMTg5OTU0NF5BMl5BanBnXkFtZTcwMjMxMzMzMw@@._V1_.jpg,"A robot who is responsible for cleaning a waste-covered Earth meets another robot and falls in love with her. Together, they set out on a journey that will alter the fate of mankind."
57,Memento,2001.0,8.4,1402710,113,"Drama, Mystery, Thriller",,,https://www.imdb.com/title/tt0209144/,https://m.media-amazon.com/images/M/MV5BYmQ3MjliNjAtNWFiZS00YWI1LTlmZTktMzBiNDE1NjRhZjU0XkEyXkFqcGc@._V1_.jpg,A former insurance investigator who now suffers from anterograde amnesia uses notes and tattoos to hunt down his wife&apos;s murderer.
58,Dune: Part Two,2024.0,8.4,672870,166,"Action, Adventure, Drama",,,https://www.imdb.com/title/tt15239678/,https://m.media-amazon.com/images/M/MV5BNTc0YmQxMjEtODI5MC00NjFiLTlkMWUtOGQ5NjFmYWUyZGJhXkEyXkFqcGc@._V1_.jpg,"Paul Atreides unites with the Fremen while on a warpath of revenge against the conspirators who destroyed his family. Facing a choice between the love of his life and the fate of the universe, he endeavors to prevent a terrible fu..."
59,Raiders of the Lost Ark,1981.0,8.4,1089908,115,"Action, Adventure",,,https://www.imdb.com/title/tt0082971/,https://m.media-amazon.com/images/M/MV5BOGNhMjg2ZjgtYzk4Ni00MTViLTg1MmUtYzM2MDZiYjZlMmU3XkEyXkFqcGc@._V1_.jpg,"In 1936, archaeologist Indiana Jones is tasked by Army Intelligence to help locate a legendary ancient power, the Ark of Covenant, before the Nazis get it first."
60,Avengers: Infinity War,2018.0,8.4,1324821,149,"Action, Adventure, Sci-Fi",,,https://www.imdb.com/title/tt4154756/,https://m.media-amazon.com/images/M/MV5BMjMxNjY2MDU1OV5BMl5BanBnXkFtZTgwNzY1MTUwNTM@._V1_.jpg,The Avengers and their allies must be willing to sacrifice all in an attempt to defeat the powerful Thanos before his blitz of devastation and ruin puts an end to the universe.
61,Das Leben der Anderen,2007.0,8.4,433574,137,"Drama, Mystery, Thriller",,,https://www.imdb.com/title/tt0405094/,https://m.media-amazon.com/images/M/MV5BYjM1N2Q0YWEtN2E5MC00NDM3LTk2NTEtMTc1NTk5OTA5ZGIzXkEyXkFqcGc@._V1_.jpg,"In 1984 East Berlin, an agent of the secret police conducting surveillance on a writer and his lover finds himself becoming increasingly absorbed by their lives."
62,Sunset Blvd.,1950.0,8.4,253340,110,"Drama, Film-Noir",,,https://www.imdb.com/title/tt0043014/,https://m.media-amazon.com/images/M/MV5BMTU0NTkyNzYwMF5BMl5BanBnXkFtZTgwMDU0NDk5MTI@._V1_.jpg,A screenwriter develops a dangerous relationship with a faded film star determined to make a triumphant return.
63,Spider-Man: Into the Spider-Verse,2018.0,8.4,755445,117,"Animation, Action, Adventure",,,https://www.imdb.com/title/tt4633694/,https://m.media-amazon.com/images/M/MV5BMjMwNDkxMTgzOF5BMl5BanBnXkFtZTgwNTkwNTQ3NjM@._V1_.jpg,Teen Miles Morales becomes the Spider-Man of his universe and must join with five spider-powered individuals from other dimensions to stop a threat for all realities.
64,Witness for the Prosecution,1958.0,8.4,154407,116,"Crime, Drama, Mystery",,,https://www.imdb.com/title/tt0051201/,https://m.media-amazon.com/images/M/MV5BNjRhNTQzMzQtMWViMi00ODQ1LTg0MTEtYWE4ZWZlYjM4YjJhXkEyXkFqcGc@._V1_.jpg,A veteran British barrister must defend his client in a murder trial that has surprise after surprise.
65,Paths of Glory,1957.0,8.4,231064,88,"Drama, War",,,https://www.imdb.com/title/tt0050825/,https://m.media-amazon.com/images/M/MV5BNmQ2NmI2ODYtMDQzNS00NzQyLTkzZjgtZmZlYTQ5MTc1OWU3XkEyXkFqcGc@._V1_.jpg,A colonel defends three of his soldiers in a court-martial after they abandon a suicidal attack.
66,The Shining,1980.0,8.4,1189410,146,"Drama, Horror",,,https://www.imdb.com/title/tt0081505/,https://m.media-amazon.com/images/M/MV5BNmM5ZThhY2ItOGRjOS00NzZiLWEwYTItNDgyMjFkOTgxMmRiXkEyXkFqcGc@._V1_.jpg,"A family heads to an isolated hotel for the winter, where a sinister presence influences the father into violence. At the same time, his psychic son sees horrifying forebodings from both the past and the future."
67,The Great Dictator,1941.0,8.4,252398,125,"Comedy, Drama, War",,,https://www.imdb.com/title/tt0032553/,https://m.media-amazon.com/images/M/MV5BMjc4ZjEwNDUtMjlmZS00NzQ4LTg2N2MtMGI3ZjMyMmM3ZDM2XkEyXkFqcGc@._V1_.jpg,Dictator Adenoid Hynkel tries to expand his empire while a poor Jewish barber tries to avoid persecution from Hynkel&apos;s regime.
68,Inglourious Basterds,2009.0,8.4,1725915,153,"Adventure, Drama, War",,,https://www.imdb.com/title/tt0361748/,https://m.media-amazon.com/images/M/MV5BODZhMWJlNjYtNDExNC00MTIzLTllM2ItOGQ2NGVjNDQ3MzkzXkEyXkFqcGc@._V1_.jpg,"In Nazi-occupied France during World War II, a plan to assassinate Nazi leaders by a group of Jewish U.S. soldiers coincides with a theatre owner&apos;s vengeful plans for the same."
69,Aliens,1986.0,8.4,822885,137,"Action, Adventure, Horror",,,https://www.imdb.com/title/tt0090605/,https://m.media-amazon.com/images/M/MV5BZjIyNGJhYzYtN2I1My00OTVhLWEyMzItZTVjNDMzOTVkYWViXkEyXkFqcGc@._V1_.jpg,"Decades after surviving the Nostromo incident, Ellen Ripley is sent out to re-establish contact with a terraforming colony but finds herself battling the Alien Queen and her offspring."
70,12th Fail,2023.0,8.7,157688,147,"Biography, Drama",,,https://www.imdb.com/title/tt23849204/,https://m.media-amazon.com/images/M/MV5BNTE3OTIxZDYtNjA0NC00N2YxLTg1NGQtOTYxNmZkMDkwOWNjXkEyXkFqcGc@._V1_.jpg,The real-life story of IPS Officer Manoj Kumar Sharma and IRS Officer Shraddha Joshi.
71,The Dark Knight Rises,2012.0,8.4,1947317,164,"Action, Crime, Drama",,,https://www.imdb.com/title/tt1345836/,https://m.media-amazon.com/images/M/MV5BMTk4ODQzNDY3Ml5BMl5BanBnXkFtZTcwODA0NTM4Nw@@._V1_.jpg,"Bane, an imposing terrorist, attacks Gotham City and disrupts its eight-year-long period of peace. This forces Bruce Wayne to come out of hiding and don the cape and cowl of Batman again."
72,Coco,2017.0,8.4,672472,105,"Animation, Adventure, Drama",,,https://www.imdb.com/title/tt2380307/,https://m.media-amazon.com/images/M/MV5BMDIyM2E2NTAtMzlhNy00ZGUxLWI1NjgtZDY5MzhiMDc5NGU3XkEyXkFqcGc@._V1_.jpg,"Aspiring musician Miguel, confronted with his family&apos;s ancestral ban on music, enters the Land of the Dead to find his great-great-grandfather, a legendary singer."
73,Tengoku to jigoku,1963.0,8.4,64668,143,"Crime, Drama, Mystery",,,https://www.imdb.com/title/tt0057565/,https://m.media-amazon.com/images/M/MV5BMGJiNzllYjktODAzNS00OGUzLTlmY2MtMjA2ZTZhYTY1OTc4XkEyXkFqcGc@._V1_.jpg,An executive of a Yokohama shoe company becomes a victim of extortion when his chauffeur&apos;s son is kidnapped by mistake and held for ransom.
74,Avengers: Endgame,2019.0,8.4,1394377,181,"Action, Adventure, Sci-Fi",,,https://www.imdb.com/title/tt4154796/,https://m.media-amazon.com/images/M/MV5BMTc5MDE2ODcwNV5BMl5BanBnXkFtZTgwMzI2NzQ2NzM@._V1_.jpg,"After the devastating events of Avengers: Infinity War (2018), the universe is in ruins. With the help of remaining allies, the Avengers assemble once more in order to reverse Thanos&apos; actions and restore balance to the universe."
75,Amadeus,1984.0,8.4,456037,160,"Biography, Drama, Music",,,https://www.imdb.com/title/tt0086879/,https://m.media-amazon.com/images/M/MV5BMzc2MjM0NTMtOGY4NC00NzY1LWE2ODUtZjMzY2RhNGNkZDAyXkEyXkFqcGc@._V1_.jpg,"The life and work of Wolfgang Amadeus Mozart seen through the eyes of his contemporary and rival, Antonio Salieri."
76,Good Will Hunting,1998.0,8.3,1168981,126,"Drama, Romance",,,https://www.imdb.com/title/tt0119217/,https://m.media-amazon.com/images/M/MV5BNDdjZGQ5YzEtNTc2My00Mjc0LWFlMTctYzkwMzZlNzdiZWYzXkEyXkFqcGc@._V1_.jpg,"A therapist counsels Will Hunting, a janitor with a genius IQ."
77,Toy Story,1995.0,8.3,1144387,81,"Animation, Adventure, Comedy",,,https://www.imdb.com/title/tt0114709/,https://m.media-amazon.com/images/M/MV5BZTA3OWVjOWItNjE1NS00NzZiLWE1MjgtZDZhMWI1ZTlkNzYwXkEyXkFqcGc@._V1_.jpg,"A cowboy doll is profoundly jealous when a new spaceman action figure supplants him as the top toy in a boy&apos;s bedroom. When circumstances separate them from their owner, the duo have to put aside their differences to return to him."
78,Oldeuboi,2003.0,8.3,696275,120,"Action, Drama, Mystery",,,https://www.imdb.com/title/tt0364569/,https://m.media-amazon.com/images/M/MV5BMTAwNzNjYWItZmI0Ni00ZTcyLWIwNWMtZjlmNGMxZTEyYTJmXkEyXkFqcGc@._V1_.jpg,"After being kidnapped and imprisoned for fifteen years, Oh Dae-Su is released, only to find that he must track down his captor in five days."
79,Dr. Strangelove or: How I Learned to Stop Worrying and Love the Bomb,1964.0,8.3,544230,95,"Comedy, War",,,https://www.imdb.com/title/tt0057012/,https://m.media-amazon.com/images/M/MV5BMjFjYzBlOTktMTI2OS00ZWVhLTgxMDUtNzAwODY2NmI3YTAzXkEyXkFqcGc@._V1_.jpg,"A mentally unstable American general orders a hydrogen bomb attack on the Soviet Union, triggering a path to global nuclear holocaust that a war room full of politicians and generals frantically tries to stop."
80,Das Boot,1982.0,8.4,282921,149,"Drama, War",,,https://www.imdb.com/title/tt0082096/,https://m.media-amazon.com/images/M/MV5BNGU0MWZlMTUtM2Y3Ny00NGNmLWE5NmEtN2YxOWQzMGM3ZWYzXkEyXkFqcGc@._V1_.jpg,A German U-boat stalks the frigid waters of the North Atlantic as its young crew experience the sheer terror and claustrophobic life of a submariner in World War II.
81,Kimi no Na wa.,2017.0,8.4,372527,106,"Animation, Drama, Fantasy",,,https://www.imdb.com/title/tt5311514/,https://m.media-amazon.com/images/M/MV5BMjI1ODZkYTgtYTY3Yy00ZTJkLWFkOTgtZDUyYWM4MzQwNjk0XkEyXkFqcGc@._V1_.jpg,"Two teenagers share a profound, magical connection upon discovering they are swapping bodies. Things manage to become even more complicated when the boy and girl decide to meet in person."
82,Braveheart,1995.0,8.3,1143007,178,"Biography, Drama, War",,,https://www.imdb.com/title/tt0112573/,https://m.media-amazon.com/images/M/MV5BNGMxZDBhNGQtYTZlNi00N2UzLWI4NDEtNmUzNWM2NTdmZDA0XkEyXkFqcGc@._V1_.jpg,Scottish warrior William Wallace leads his countrymen in a rebellion to free his homeland from the tyranny of King Edward I of England.
83,Mononoke-hime,1997.0,8.3,470483,133,"Animation, Adventure, Fantasy",,,https://www.imdb.com/title/tt0119698/,https://m.media-amazon.com/images/M/MV5BZTcyN2Y0MDYtMGI1NC00MWQ1LWFhZGMtN2U4NTcxZGYyNjljXkEyXkFqcGc@._V1_.jpg,"While seeking to cure himself of a curse, young warrior Ashitaka stumbles into a conflict between the people of Iron Town and Princess Mononoke, a girl raised by wolves, who will stop at nothing to prevent the destruction of her h..."
84,American Beauty,1999.0,8.3,1263010,122,Drama,,,https://www.imdb.com/title/tt0169547/,https://m.media-amazon.com/images/M/MV5BMDI1MDE0OTMtMmI2MS00Yjc2LTg2MTItMWExYTg5NzA1OGUzXkEyXkFqcGc@._V1_.jpg,A sexually frustrated suburban father has a mid-life crisis after becoming infatuated with his daughter&apos;s best friend.
85,3 Idiots,2009.0,8.4,469243,170,"Comedy, Drama",,,https://www.imdb.com/title/tt1187043/,https://m.media-amazon.com/images/M/MV5BNzc4ZWQ3NmYtODE0Ny00YTQ4LTlkZWItNTBkMGQ0MmUwMmJlXkEyXkFqcGc@._V1_.jpg,"Two friends are searching for their long lost companion. They revisit their college days and recall the memories of their friend who inspired them to think differently, even as the rest of the world called them &quot;idiots&quot;."
86,Joker,2019.0,8.3,1646631,122,"Crime, Drama, Thriller",,,https://www.imdb.com/title/tt7286456/,https://m.media-amazon.com/images/M/MV5BNzY3OWQ5NDktNWQ2OC00ZjdlLThkMmItMDhhNDk3NTFiZGU4XkEyXkFqcGc@._V1_.jpg,"Arthur Fleck, a party clown and a failed stand-up comedian, leads an impoverished life with his ailing mother. However, when society shuns him and brands him as a freak, he decides to embrace the life of chaos in Gotham City."
87,Capharnaüm,2018.0,8.4,119724,126,Drama,,,https://www.imdb.com/title/tt8267604/,https://m.media-amazon.com/images/M/MV5BYzEyMzQ1OTktZTljZi00OWQzLWE2ZmUtZjQyNzBjYjE1NTc0XkEyXkFqcGc@._V1_.jpg,"While serving a five-year sentence for a violent crime, a 12-year-old boy sues his parents for neglect."
88,Once Upon a Time in America,1984.0,8.3,401046,229,"Crime, Drama",,,https://www.imdb.com/title/tt0087843/,https://m.media-amazon.com/images/M/MV5BMDQ0ZTg2OGUtZjMyOC00M2M5LThkMmItZmM2MmUzMmIxMWJhXkEyXkFqcGc@._V1_.jpg,"A former Prohibition-era Jewish gangster returns to the Lower East Side of Manhattan 35 years later, where he must once again confront the ghosts and regrets of his old life."
89,Singin&apos; in the Rain,1952.0,8.3,276918,103,"Comedy, Musical, Romance",,,https://www.imdb.com/title/tt0045152/,https://m.media-amazon.com/images/M/MV5BMGQzZDFjZWUtZDU4ZS00ZjM3LTgyYmItYjA3YmIwYzRkZWY3XkEyXkFqcGc@._V1_.jpg,A silent film star falls for a chorus girl just as he and his delusionally jealous screen partner are trying to make the difficult transition to talking pictures in 1920s Hollywood.
90,Idi i smotri,1985.0,8.3,116872,142,"Drama, Thriller, War",,,https://www.imdb.com/title/tt0091251/,https://m.media-amazon.com/images/M/MV5BNDlkZmVkZDAtZGFmMS00OWIzLWJkY2YtNWE5NjNhNjhiZGE3XkEyXkFqcGc@._V1_.jpg,"After finding an old rifle, a young boy joins the Soviet resistance movement against ruthless German forces and experiences the horrors of World War II."
91,Requiem for a Dream,2000.0,8.3,953899,102,Drama,,,https://www.imdb.com/title/tt0180093/,https://m.media-amazon.com/images/M/MV5BN2ZlMjIzZjctYzA2My00ZWYyLWI4ZjctMGI2NWYyNzFiZjAwXkEyXkFqcGc@._V1_.jpg,The drug-induced utopias of four Coney Island people are shattered when their addictions run deep.
92,Star Wars: Episode VI - Return of the Jedi,1983.0,8.3,1184276,131,"Action, Adventure, Fantasy",,,https://www.imdb.com/title/tt0086190/,https://m.media-amazon.com/images/M/MV5BNWEwOTI0MmUtMGNmNy00ODViLTlkZDQtZTg1YmQ3MDgyNTUzXkEyXkFqcGc@._V1_.jpg,"After rescuing Han Solo from Jabba the Hutt, the Rebel Alliance attempts to destroy the second Death Star while Luke struggles to help Darth Vader back from the dark side."
93,Toy Story 3,2010.0,8.3,947934,103,"Animation, Adventure, Comedy",,,https://www.imdb.com/title/tt0435761/,https://m.media-amazon.com/images/M/MV5BMTgxOTY4Mjc0MF5BMl5BanBnXkFtZTcwNTA4MDQyMw@@._V1_.jpg,"The toys are mistakenly delivered to a day-care center instead of the attic right before Andy leaves for college, and it&apos;s up to Woody to convince the other toys that they weren&apos;t abandoned and to return home."
94,Jagten,2012.0,8.3,397249,115,Drama,,,https://www.imdb.com/title/tt2106476/,https://m.media-amazon.com/images/M/MV5BMTg2NDg3ODg4NF5BMl5BanBnXkFtZTcwNzk3NTc3Nw@@._V1_.jpg,"A teacher lives a lonely life, all the while struggling over his son&apos;s custody. His life slowly gets better as he finds love and receives good news from his son, but his new luck is about to be brutally shattered by an innocent li..."
95,Ikiru,1956.0,8.3,99283,143,Drama,,,https://www.imdb.com/title/tt0044741/,https://m.media-amazon.com/images/M/MV5BMmNlZTk4ZjQtY2I5NS00NmNiLTlkNmUtYTc3YmE0ZTk3OGNiXkEyXkFqcGc@._V1_.jpg,A bureaucrat tries to find meaning in his life after he discovers he has terminal cancer.
96,Eternal Sunshine of the Spotless Mind,2004.0,8.3,1156318,108,"Drama, Romance, Sci-Fi",,,https://www.imdb.com/title/tt0338013/,https://m.media-amazon.com/images/M/MV5BMTY4NzcwODg3Nl5BMl5BanBnXkFtZTcwNTEwOTMyMw@@._V1_.jpg,"When their relationship turns sour, a couple undergoes a medical procedure to have each other erased from their memories forever."
97,Incendies,2011.0,8.3,238187,131,"Drama, Mystery, War",,,https://www.imdb.com/title/tt1255953/,https://m.media-amazon.com/images/M/MV5BYWFmMjdmNjctNzhhOC00ZmMzLTkwOGItMmVmZDU4MjE2MTYwXkEyXkFqcGc@._V1_.jpg,Twins journey to the Middle East to discover their family history and fulfill their mother&apos;s last wishes.
98,The Apartment,1960.0,8.3,213293,125,"Comedy, Drama, Romance",,,https://www.imdb.com/title/tt0053604/,https://m.media-amazon.com/images/M/MV5BNDdhMzVhOWQtNDU2Mi00ZmZmLWJiZDMtY2QxMjhjY2Y1ZTI5XkEyXkFqcGc@._V1_.jpg,"A Manhattan insurance clerk tries to rise in his company by letting its executives use his apartment for trysts, but office politics and his own romantic hopes complicate matters."
99,Lawrence of Arabia,2013.0,8.3,334476,227,"Adventure, Biography, Drama",,,https://www.imdb.com/title/tt0056172/,https://m.media-amazon.com/images/M/MV5BYjY0YTQ1OTAtYjEyNy00NTQ4LThlMTQtM2QwYTVhYWFhNjU5XkEyXkFqcGc@._V1_.jpg,"The story of T.E. Lawrence, the English officer who successfully united and led the diverse, often warring, Arab tribes during World War I in order to fight the Turks."
100,2001: A Space Odyssey,1968.0,8.3,766057,149,"Adventure, Sci-Fi",,,https://www.imdb.com/title/tt0062622/,https://m.media-amazon.com/images/M/MV5BNjU0NDFkMTQtZWY5OS00MmZhLTg3Y2QtZmJhMzMzMWYyYjc2XkEyXkFqcGc@._V1_.jpg,"When a mysterious artifact is uncovered on the Moon, a spacecraft manned by two humans and one supercomputer is sent to Jupiter to find its origins."
101,Reservoir Dogs,1992.0,8.3,1149260,99,"Crime, Thriller",,,https://www.imdb.com/title/tt0105236/,https://m.media-amazon.com/images/M/MV5BMmMzYjg4NDctYWY0Mi00OGViLWIzMTMtYWNlZGY5ZDJmYjk3XkEyXkFqcGc@._V1_.jpg,"When a simple jewelry heist goes horribly wrong, the surviving criminals begin to suspect that one of them is a police informant."
102,Scarface,1983.0,8.3,988568,170,"Crime, Drama",,,https://www.imdb.com/title/tt0086250/,https://m.media-amazon.com/images/M/MV5BNDUzYjY0NmUtMDM4OS00Y2Q5LWJiODYtNTk0ZTk0YjZhMTg1XkEyXkFqcGc@._V1_.jpg,"In the 1980s, a determined criminal-minded Cuban immigrant becomes the biggest drug smuggler in Miami, and is eventually undone by his own drug addiction."
103,Heat,1995.0,8.3,776749,170,"Action, Crime, Drama",,,https://www.imdb.com/title/tt0113277/,https://m.media-amazon.com/images/M/MV5BMTkxYjU1OTMtYWViZC00ZjAzLWI3MDktZGQ2N2VmMjVjNDRlXkEyXkFqcGc@._V1_.jpg,A group of high-end professional thieves start to feel the heat from the LAPD when they unknowingly leave a verbal clue at their latest heist.
104,Double Indemnity,1944.0,8.3,177344,107,"Crime, Drama, Film-Noir",,,https://www.imdb.com/title/tt0036775/,https://m.media-amazon.com/images/M/MV5BM2YwNjZlZDktNTlmNS00ODQwLWJmNmUtYmE1NTBhYjc1YTY5XkEyXkFqcGc@._V1_.jpg,"An insurance representative is seduced by a dissatisfied housewife into a scheme of insurance fraud and murder that arouses the suspicion of his colleague, a claims investigator."
105,Up,2009.0,8.3,1204996,96,"Animation, Adventure, Comedy",,,https://www.imdb.com/title/tt1049413/,https://m.media-amazon.com/images/M/MV5BNmI1ZTc5MWMtMDYyOS00ZDc2LTkzOTAtNjQ4NWIxNjYyNDgzXkEyXkFqcGc@._V1_.jpg,"78-year-old Carl Fredricksen travels to South America in his house equipped with balloons, inadvertently taking a young stowaway."
106,North by Northwest,1959.0,8.3,364592,136,"Adventure, Drama, Mystery",,,https://www.imdb.com/title/tt0053125/,https://m.media-amazon.com/images/M/MV5BZWIzODI2OGItMzM0Ny00OGRmLTlkNmItMDQxMTFmMTk3YmQwXkEyXkFqcGc@._V1_.jpg,"A New York City advertising executive goes on the run after being mistaken for a government agent by a group of foreign spies, and falls for a woman whose loyalties he begins to doubt."
107,M - Eine Stadt sucht einen Mörder,1931.0,8.3,179631,99,"Crime, Mystery, Thriller",,,https://www.imdb.com/title/tt0022100/,https://m.media-amazon.com/images/M/MV5BODA4ODk3OTEzMF5BMl5BanBnXkFtZTgwMTQ2ODMwMzE@._V1_.jpg,"When the police in a German city are unable to catch a child-murderer, other criminals join in the manhunt."
108,Full Metal Jacket,1987.0,8.2,834881,116,"Drama, War",,,https://www.imdb.com/title/tt0093058/,https://m.media-amazon.com/images/M/MV5BYWUzNzZkNzUtNDdiYy00Nzk5LTgxMmItNTk0MjRjNjdjNDA0XkEyXkFqcGc@._V1_.jpg,A pragmatic U.S. Marine observes the dehumanizing effects the Vietnam War has on his fellow recruits from their brutal boot camp training to the bloody street fighting in Hue.
109,Citizen Kane,1941.0,8.2,487125,119,"Drama, Mystery",,,https://www.imdb.com/title/tt0033467/,https://m.media-amazon.com/images/M/MV5BYjk1ZDJlMmUtOWQ0Zi00MDM5LTk1OGYtODczNjFmMGYwZGVkXkEyXkFqcGc@._V1_.jpg,"Following the death of publishing tycoon Charles Foster Kane, reporters scramble to uncover the meaning of his final utterance: &apos;Rosebud.&apos;"
110,Vertigo,1958.0,8.2,451572,128,"Mystery, Romance, Thriller",,,https://www.imdb.com/title/tt0052357/,https://m.media-amazon.com/images/M/MV5BNzEyZTUxMWItMGVhYy00Y2NlLTljYTMtYzBmMzI1YmUyMDBkXkEyXkFqcGc@._V1_.jpg,"A former San Francisco police detective juggles wrestling with his personal demons and becoming obsessed with the hauntingly beautiful woman he has been hired to trail, who may be deeply disturbed."
111,Le fabuleux destin d&apos;Amélie Poulain,2002.0,8.3,827430,122,"Comedy, Romance",,,https://www.imdb.com/title/tt0211915/,https://m.media-amazon.com/images/M/MV5BOTNmYzY0MWQtZGZmNy00Y2Y4LWFmMDQtMTZjYTdiYzEwZGQ2XkEyXkFqcGc@._V1_.jpg,"Despite being caught in her imaginative world, young waitress Amelie decides to help people find happiness. Her quest to spread joy leads her on a journey during which she finds true love."
112,Taare Zameen Par,2007.0,8.3,225663,162,"Drama, Family",,,https://www.imdb.com/title/tt0986264/,https://m.media-amazon.com/images/M/MV5BNjVmMTlkNGYtYTM2OC00Yjc2LWIyYmQtMDY4ZmU1MWRlMjA3XkEyXkFqcGc@._V1_.jpg,A young boy is thought to be nothing but a lazy troublemaker until the new art teacher has the patience and compassion to discover the real problem behind his struggles in school.
113,Jodaeiye Nader az Simin,2011.0,8.3,273298,123,Drama,,,https://www.imdb.com/title/tt1832382/,https://m.media-amazon.com/images/M/MV5BMDM0ZWRmMzctM2M5ZS00ZjU0LWIxN2MtNWNlNGY1ZDhjMDVhXkEyXkFqcGc@._V1_.jpg,A married couple are faced with a difficult decision - to improve the life of their child by moving to another country or to stay in Iran and look after a deteriorating parent who has Alzheimer&apos;s disease.
114,To Kill a Mockingbird,1963.0,8.3,346892,129,"Crime, Drama",,,https://www.imdb.com/title/tt0056592/,https://m.media-amazon.com/images/M/MV5BZTlkYWU4MGEtZmQyYi00OWEzLTgzY2EtYzVjOTEzYzAyNTk1XkEyXkFqcGc@._V1_.jpg,A widowed lawyer in Depression-era Alabama defends a black man against a false rape charge while teaching his young children about the sad reality of prejudice.
115,Die Hard,1988.0,8.2,1003700,132,"Action, Thriller",,,https://www.imdb.com/title/tt0095016/,https://m.media-amazon.com/images/M/MV5BMGNlYmM1NmQtYWExMS00NmRjLTg5ZmEtMmYyYzJkMzljYWMxXkEyXkFqcGc@._V1_.jpg,"A New York City cop, John McClane, tries to save his estranged wife and several others taken hostage by terrorists during a Christmas Eve party at the Nakatomi Plaza Skyscraper in Los Angeles, California."
116,Indiana Jones and the Last Crusade,1989.0,8.2,849751,127,"Action, Adventure",,,https://www.imdb.com/title/tt0097576/,https://m.media-amazon.com/images/M/MV5BNGIxNzQ0YzYtMjNmYi00YjBlLWFjNzEtNGE3ZGFmYTczM2MwXkEyXkFqcGc@._V1_.jpg,"In 1938, after his father goes missing while pursuing the Holy Grail, Indiana Jones finds himself up against the Nazis again to stop them from obtaining its powers."
117,The Sting,1973.0,8.2,294856,129,"Comedy, Crime, Drama",,,https://www.imdb.com/title/tt0070735/,https://m.media-amazon.com/images/M/MV5BZGI4OTk4MDMtYmQ1Ni00YTUzLTkyYTktZGUwMjMyN2M4NjQ5XkEyXkFqcGc@._V1_.jpg,Two grifters team up to pull off the ultimate con.
118,A Clockwork Orange,1972.0,8.2,922597,136,"Crime, Sci-Fi",,,https://www.imdb.com/title/tt0066921/,https://m.media-amazon.com/images/M/MV5BMTY3MjM1Mzc4N15BMl5BanBnXkFtZTgwODM0NzAxMDE@._V1_.jpg,Alex DeLarge and his droogs barbarize a decaying near-future.
119,Metropolis,1927.0,8.3,197308,153,"Drama, Sci-Fi",,,https://www.imdb.com/title/tt0017136/,https://m.media-amazon.com/images/M/MV5BMjhjMGYyMjAtMzJkYy00NzhlLWIwY2MtMWQ2ODIxZDUyOGYyXkEyXkFqcGc@._V1_.jpg,"In a futuristic city sharply divided between the working class and the city planners, the son of the city&apos;s mastermind falls in love with a working-class prophet who predicts the coming of a savior to mediate their differences."
120,Snatch,2001.0,8.2,959158,102,"Comedy, Crime",,,https://www.imdb.com/title/tt0208092/,https://m.media-amazon.com/images/M/MV5BYzk5NjJkMTQtN2IyNC00YWM5LTlhZmMtNGI3MWNhMTU1YTc4XkEyXkFqcGc@._V1_.jpg,"Unscrupulous boxing promoters, violent bookmakers, a Russian gangster, incompetent amateur robbers and supposedly Jewish jewelers fight to track down a priceless stolen diamond."
121,1917,2020.0,8.2,746199,119,"Action, Drama, War",,,https://www.imdb.com/title/tt8579674/,https://m.media-amazon.com/images/M/MV5BYzkxZjg2NDQtMGVjMy00NWZkLTk0ZDEtZWE3NDYwYjAyMTg1XkEyXkFqcGc@._V1_.jpg,"April 6th, 1917. As an infantry battalion assembles to wage war deep in enemy territory, two soldiers are assigned to race against time and deliver a message that will stop 1,600 men from walking straight into a deadly trap."
122,Oppenheimer,2023.0,8.3,947633,180,"Biography, Drama, History",,,https://www.imdb.com/title/tt15398776/,https://m.media-amazon.com/images/M/MV5BN2JkMDc5MGQtZjg3YS00NmFiLWIyZmQtZTJmNTM5MjVmYTQ4XkEyXkFqcGc@._V1_.jpg,"A dramatization of the life story of J. Robert Oppenheimer, the physicist who had a large hand in the development of the atomic bombs that brought an end to World War II."
123,L.A. Confidential,1997.0,8.2,649026,138,"Crime, Drama, Mystery",,,https://www.imdb.com/title/tt0119488/,https://m.media-amazon.com/images/M/MV5BODdiMjY1OGYtNDk0NC00NGQ1LWI4MDItOTJhMTM0YjE1YTAzXkEyXkFqcGc@._V1_.jpg,"As corruption grows in 1950s Los Angeles, three policemen - one strait-laced, one brutal, and one sleazy - investigate a series of murders with their own brand of justice."
124,Der Untergang,2005.0,8.2,393784,156,"Biography, Drama, History",,,https://www.imdb.com/title/tt0363163/,https://m.media-amazon.com/images/M/MV5BMTU0NTU5NTAyMl5BMl5BanBnXkFtZTYwNzYwMDg2._V1_.jpg,"Traudl Junge, the final secretary for Adolf Hitler, tells of the Nazi dictator&apos;s final days in his Berlin bunker at the end of WWII."
125,Ladri di biciclette,1949.0,8.2,188945,89,Drama,,,https://www.imdb.com/title/tt0040522/,https://m.media-amazon.com/images/M/MV5BMjIzMzAyMzg1Nl5BMl5BanBnXkFtZTgwMzMyNzk0MTE@._V1_.jpg,"In post-war Italy, a working-class man&apos;s bicycle is stolen, endangering his efforts to find work. He and his son set out to find it."
126,Dangal,2016.0,8.3,233153,161,"Action, Biography, Drama",,,https://www.imdb.com/title/tt5074352/,https://m.media-amazon.com/images/M/MV5BMTQ4MzQzMzM2Nl5BMl5BanBnXkFtZTgwMTQ1NzU3MDI@._V1_.jpg,"Mahavir Singh Phogat, a former wrestler, decides to fulfill his dream of winning a gold medal for his country by training his daughters for the Commonwealth Games despite the existing social stigmas."
127,One Battle After Another,2025.0,8.3,104179,161,"Action, Crime, Drama",,,https://www.imdb.com/title/tt30144839/,https://m.media-amazon.com/images/M/MV5BMzBkZmQ0NjMtNTZlMy00ZjdlLTg5ODUtYWFlNGM0YzE3MTg0XkEyXkFqcGc@._V1_.jpg,"When their evil enemy resurfaces after 16 years, a group of ex-revolutionaries reunite to rescue the daughter of one of their own."
128,The Wolf of Wall Street,2013.0,8.2,1728061,180,"Biography, Comedy, Crime",,,https://www.imdb.com/title/tt0993846/,https://m.media-amazon.com/images/M/MV5BMjIxMjgxNTk0MF5BMl5BanBnXkFtZTgwNjIyOTg2MDE@._V1_.jpg,"Based on the true story of Jordan Belfort, from his rise to a wealthy stock-broker living the high life to his fall involving crime, corruption and the federal government."
129,Green Book,2018.0,8.2,657230,130,"Biography, Comedy, Drama",,,https://www.imdb.com/title/tt6966692/,https://m.media-amazon.com/images/M/MV5BNDU5YTNmMmItN2QxNy00OGQ0LTg5MTctNzFmYjEzZjcwN2UwXkEyXkFqcGc@._V1_.jpg,A working-class Italian-American bouncer becomes the driver for an African-American classical pianist on a tour of venues through the 1960s American South.
130,The Truman Show,1998.0,8.2,1321804,103,"Comedy, Drama",,,https://www.imdb.com/title/tt0120382/,https://m.media-amazon.com/images/M/MV5BNzA3ZjZlNzYtMTdjMy00NjMzLTk5ZGYtMTkyYzNiOGM1YmM3XkEyXkFqcGc@._V1_.jpg,An insurance salesman begins to suspect that his whole life is actually some sort of reality TV show.
131,Hamilton,2020.0,8.3,133708,160,"Biography, Drama, History",,,https://www.imdb.com/title/tt8503618/,https://m.media-amazon.com/images/M/MV5BYTc3MWIyMzAtMTZmNC00YmNjLWIyZTgtMmU4NjZkYzZkOThkXkEyXkFqcGc@._V1_.jpg,"The real life of one of America&apos;s foremost founding fathers and first Secretary of the Treasury, Alexander Hamilton. Captured live on Broadway from the Richard Rodgers Theater with the original Broadway cast."
132,Batman Begins,2005.0,8.2,1676002,140,"Action, Crime, Drama",,,https://www.imdb.com/title/tt0372784/,https://m.media-amazon.com/images/M/MV5BODIyMDdhNTgtNDlmOC00MjUxLWE2NDItODA5MTdkNzY3ZTdhXkEyXkFqcGc@._V1_.jpg,"After witnessing his parents&apos; death, billionaire Bruce Wayne learns the art of fighting to confront injustice. When he returns to Gotham as Batman, he must stop a secret society that intends to destroy the city."
133,Taxi Driver,1976.0,8.2,999427,114,"Crime, Drama",,,https://www.imdb.com/title/tt0075314/,https://m.media-amazon.com/images/M/MV5BZDNhMGYwM2UtMTdlZS00MGQ1LWI2YzAtODY5YWI1MjYyNzRmXkEyXkFqcGc@._V1_.jpg,"A mentally unstable veteran works as a nighttime taxi driver in New York City, where the perceived decadence and sleaze fuels his urge for violent action."
134,Per qualche dollaro in più,1967.0,8.2,294021,132,"Drama, Western",,,https://www.imdb.com/title/tt0059578/,https://m.media-amazon.com/images/M/MV5BNTRmOTcyYmYtMTIwNi00ZGYyLTk4YjYtZGJlZTgwZGY0NGQyXkEyXkFqcGc@._V1_.jpg,Two bounty killers with similar intentions but different motivations team up to take down a psychotic Mexican outlaw before he and his gang can carry out an audacious bank robbery.
135,Judgment at Nuremberg,1961.0,8.3,93840,179,"Drama, History, War",,,https://www.imdb.com/title/tt0055031/,https://m.media-amazon.com/images/M/MV5BNDc2ODQ5NTE2MV5BMl5BanBnXkFtZTcwODExMjUyNA@@._V1_.jpg,"Fictionalized depiction of the 1947 Judges&apos; Trial, the third of 12 trials of Nazi war criminals conducted by the American occupying forces in Nuremberg, Germany, in which former judges of Nazi Germany were tried for their actions."
136,Shutter Island,2010.0,8.2,1587902,138,"Drama, Mystery, Thriller",,,https://www.imdb.com/title/tt1130884/,https://m.media-amazon.com/images/M/MV5BN2FjNWExYzEtY2YzOC00YjNlLTllMTQtNmIwM2Q1YzBhOWM1XkEyXkFqcGc@._V1_.jpg,Two US marshals are sent to a mental institution on an inhospitable island in order to investigate the disappearance of a patient.
137,Some Like It Hot,1959.0,8.2,299566,121,"Comedy, Music, Romance",,,https://www.imdb.com/title/tt0053291/,https://m.media-amazon.com/images/M/MV5BZTllZDYyNjEtY2RmMS00NmJhLWI4ODAtMTQ0NWFiZTJhZjA0XkEyXkFqcGc@._V1_.jpg,"After two male musicians witness a mob hit, they flee the state in an all-female band disguised as women, but further complications set in."
138,Jurassic Park,1993.0,8.2,1147914,127,"Action, Adventure, Sci-Fi",,,https://www.imdb.com/title/tt0107290/,https://m.media-amazon.com/images/M/MV5BMjM2MDgxMDg0Nl5BMl5BanBnXkFtZTgwNTM2OTM5NDE@._V1_.jpg,"An industrialist invites some experts to visit his theme park of cloned dinosaurs. After a power failure, the creatures run loose, putting everyone&apos;s lives, including his grandchildren&apos;s, in danger."
139,Hababam Sinifi: Sinifta Kaldi,,8.6,28505,95,Comedy,,,https://www.imdb.com/title/tt0252488/,https://m.media-amazon.com/images/M/MV5BZmY3MjVhMmQtOTcwYy00ZjcyLWFiZDgtN2JiODVjNjQzYWQyXkEyXkFqcGc@._V1_.jpg,A young and beautiful female teacher starts working in an all boys high school.
140,The Kid,1921.0,8.2,143314,68,"Comedy, Drama, Family",,,https://www.imdb.com/title/tt0012349/,https://m.media-amazon.com/images/M/MV5BNjkxMzY1NTQtN2YwOS00NmIwLTlkNTMtMjNkMzk1ZTk3ZDU2XkEyXkFqcGc@._V1_.jpg,"The Tramp cares for an abandoned child, but events put their relationship in jeopardy."
141,There Will Be Blood,2008.0,8.2,687328,158,Drama,,,https://www.imdb.com/title/tt0469494/,https://m.media-amazon.com/images/M/MV5BMjAxODQ4MDU5NV5BMl5BanBnXkFtZTcwMDU4MjU1MQ@@._V1_.jpg,"A story of family, religion, hatred, oil and madness, focusing on a turn-of-the-century prospector in the early days of the business."
142,The Father,2021.0,8.2,220405,97,"Drama, Mystery",,,https://www.imdb.com/title/tt10272386/,https://m.media-amazon.com/images/M/MV5BYzUxMDAyMDAtNzIyZi00OGQ1LTllMjEtYzRjOThkZTUxNTliXkEyXkFqcGc@._V1_.jpg,"A man refuses all assistance from his daughter as he ages. When he tries to understand what is happening around him, he begins to doubt his loved ones, his own mind and even the fabric of his reality."
143,All About Eve,1950.0,8.2,146881,138,Drama,,,https://www.imdb.com/title/tt0042192/,https://m.media-amazon.com/images/M/MV5BOTM4ZjUzOGUtYzdlZi00ZmM5LTk5NTEtMjQxNDVmOTc5NWNlXkEyXkFqcGc@._V1_.jpg,A seemingly timid but secretly ruthless ingénue insinuates herself into the lives of an aging Broadway star and her circle of theater friends.
144,The Sixth Sense,1999.0,8.2,1117928,107,"Drama, Mystery, Thriller",,,https://www.imdb.com/title/tt0167404/,https://m.media-amazon.com/images/M/MV5BZWQ2OTY0M2UtMTQxNC00MmIzLTllNDQtNDQ0MTQyYzI2M2ZiXkEyXkFqcGc@._V1_.jpg,"After being shot by a resentful former patient whom he failed to help, a Philadelphia child psychologist seeks redemption by treating a young boy with a disturbing secret."
145,Ran,1985.0,8.2,147545,160,"Action, Drama, War",,,https://www.imdb.com/title/tt0089881/,https://m.media-amazon.com/images/M/MV5BZDk2NDY5YjktMjEyMC00OTJhLTkzM2EtY2Q4Y2RjYzc2Yjk4XkEyXkFqcGc@._V1_.jpg,"In Medieval Japan, an elderly warlord retires, handing over his empire to his three sons. However, he vastly underestimates how the new-found power will corrupt them and cause them to turn on each other...and him."
146,Casino,1995.0,8.2,603944,178,"Crime, Drama",,,https://www.imdb.com/title/tt0112641/,https://m.media-amazon.com/images/M/MV5BMDRlZWZjZjYtYzY2NS00ZWVjLTkwYzAtZTA2ZDAzMGRiYmYwXkEyXkFqcGc@._V1_.jpg,"In Las Vegas, two best friends--a casino executive and a Mafia enforcer--compete for a gambling empire and a fast-living, fast-loving socialite."
147,No Country for Old Men,2007.0,8.2,1152656,122,"Crime, Drama, Thriller",,,https://www.imdb.com/title/tt0477348/,https://m.media-amazon.com/images/M/MV5BMjA5Njk3MjM4OV5BMl5BanBnXkFtZTcwMTc5MTE1MQ@@._V1_.jpg,Violence and mayhem ensue after a hunter stumbles upon the aftermath of a drug deal gone wrong and over two million dollars in cash near the Rio Grande.
148,The Thing,1982.0,8.2,510366,109,"Horror, Mystery, Sci-Fi",,,https://www.imdb.com/title/tt0084787/,https://m.media-amazon.com/images/M/MV5BYTA3NDU5MWEtNTk4Yy00ZDNkLThmZTQtMjU3ZGVhYzAyMzU4XkEyXkFqcGc@._V1_.jpg,A research team in Antarctica is hunted by a shape-shifting alien that assumes the appearance of its victims.
149,Top Gun: Maverick,2022.0,8.2,808169,130,"Action, Drama",,,https://www.imdb.com/title/tt1745960/,https://m.media-amazon.com/images/M/MV5BMDBkZDNjMWEtOTdmMi00NmExLTg5MmMtNTFlYTJlNWY5YTdmXkEyXkFqcGc@._V1_.jpg,"The story involves Maverick confronting his past while training a group of younger Top Gun graduates, including the son of his deceased best friend, for a dangerous mission."
150,Unforgiven,1992.0,8.2,460695,130,"Drama, Western",,,https://www.imdb.com/title/tt0105695/,https://m.media-amazon.com/images/M/MV5BNmZmMzM3YWMtZjg5Yi00M2MxLTg3ZGItNGU4YjQxNDAxM2Q4XkEyXkFqcGc@._V1_.jpg,Retired Old West gunslinger Will Munny reluctantly takes on one last job to avenge an injustice with the help of his old partner and a young would-be gunman calling himself &quot;The Schofield Kid&quot;.
151,El laberinto del fauno,2007.0,8.2,734021,118,"Drama, Fantasy, War",,,https://www.imdb.com/title/tt0457430/,https://m.media-amazon.com/images/M/MV5BOTc1NTAxMWItMWFlNy00MmU2LTkwMTMtNzMwOTg5OTQ5YTFiXkEyXkFqcGc@._V1_.jpg,"In 1944 Spain, a girl is sent to live with her ruthless stepfather. During the night, she meets a fairy who takes her to an old faun. He tells her she&apos;s a princess, but must prove her royalty by surviving three gruesome tasks."
152,Kill Bill: Vol. 1,2003.0,8.2,1271804,111,"Action, Crime, Thriller",,,https://www.imdb.com/title/tt0266697/,https://m.media-amazon.com/images/M/MV5BZmMyYzJlZmYtY2I3NC00NjAyLTkyZWItZjdjZDI1YTYyYTEwXkEyXkFqcGc@._V1_.jpg,"After waking from a four-year coma, a former assassin wreaks vengeance on the team of assassins who betrayed her."
153,Prisoners,2013.0,8.2,898733,153,"Crime, Drama, Mystery",,,https://www.imdb.com/title/tt1392214/,https://m.media-amazon.com/images/M/MV5BMTg0NTIzMjQ1NV5BMl5BanBnXkFtZTcwNDc3MzM5OQ@@._V1_.jpg,A desperate father takes the law into his own hands after police fail to find two kidnapped girls.
154,A Beautiful Mind,2002.0,8.2,1035599,135,"Biography, Drama, Mystery",,,https://www.imdb.com/title/tt0268978/,https://m.media-amazon.com/images/M/MV5BNzljZTk5ZDgtZTQ1Zi00NTM4LThlOGUtZDk2MGM4NDQ4NWQyXkEyXkFqcGc@._V1_.jpg,"A mathematical genius, John Nash made an astonishing discovery early in his career and stood on the brink of international acclaim. But the handsome and arrogant Nash soon found himself on a harrowing journey of self-discovery."
155,The Treasure of the Sierra Madre,1948.0,8.2,139274,126,"Adventure, Drama, Western",,,https://www.imdb.com/title/tt0040897/,https://m.media-amazon.com/images/M/MV5BOWM1YjFmODEtMWNhMC00YmI1LWI0Y2EtYzg0YTBhZWI4ODE3XkEyXkFqcGc@._V1_.jpg,Two down-on-their-luck Americans searching for work in 1920s Mexico convince an old prospector to help them mine for gold in the Sierra Madre Mountains.
156,Hauru no ugoku shiro,2005.0,8.2,496032,119,"Animation, Adventure, Family",,,https://www.imdb.com/title/tt0347149/,https://m.media-amazon.com/images/M/MV5BMTY1OTg0MjE3MV5BMl5BanBnXkFtZTcwNTUxMTkyMQ@@._V1_.jpg,"When an unconfident young woman is cursed with an old body by a spiteful witch, her only chance of breaking the spell lies with a self-indulgent yet insecure young wizard and his companions in his legged, walking castle."
157,Finding Nemo,2003.0,8.2,1179977,100,"Animation, Adventure, Comedy",,,https://www.imdb.com/title/tt0266543/,https://m.media-amazon.com/images/M/MV5BMTc5NjExNTA5OV5BMl5BanBnXkFtZTYwMTQ0ODY2._V1_.jpg,"After his son is captured in the Great Barrier Reef and taken to Sydney, a timid clownfish sets out on a journey to bring him home."
158,Yôjinbô,1961.0,8.2,140262,110,"Action, Drama, Thriller",,,https://www.imdb.com/title/tt0055630/,https://m.media-amazon.com/images/M/MV5BYzFkODA1N2QtY2UyMC00NTMwLWEyNzctMmE3YjIzNzE1MzY4XkEyXkFqcGc@._V1_.jpg,A crafty ronin comes to a town divided by two criminal gangs and decides to play them against each other to free the town.
159,La meglio gioventù,2003.0,8.4,26578,374,"Drama, Romance",,,https://www.imdb.com/title/tt0346336/,https://m.media-amazon.com/images/M/MV5BYzcxMTE2YjUtMzIyMy00NDNjLWE3ZWYtODQzYmNhNDVhNDZmXkEyXkFqcGc@._V1_.jpg,An Italian epic that follows the lives of two brothers from the 1960s to the 2000s.
160,The Great Escape,1963.0,8.2,272716,172,"Adventure, Drama, Thriller",,,https://www.imdb.com/title/tt0057115/,https://m.media-amazon.com/images/M/MV5BMDRhNmJjMzEtMWU5MC00YmEyLTg3ZmYtNzYxZTI1ZGU4ZjI1XkEyXkFqcGc@._V1_.jpg,Allied officers in a German prisoner of war camp during World War II make a daring plan for a mass escape by hundreds of POWs hoping to draw German personnel and resources away from combat operations.
161,Monty Python and the Holy Grail,1975.0,8.2,594944,91,"Adventure, Comedy, Fantasy",,,https://www.imdb.com/title/tt0071853/,https://m.media-amazon.com/images/M/MV5BYWY4YmUzZmUtMzQ0ZS00N2Y2LWJlODQtN2IwMDc1MWQwMmU3XkEyXkFqcGc@._V1_.jpg,"King Arthur and his Knights of the Round Table embark on a surreal, low-budget search for the Holy Grail, encountering many, very silly obstacles."
162,The Elephant Man,1980.0,8.2,277071,124,"Biography, Drama",,,https://www.imdb.com/title/tt0080678/,https://m.media-amazon.com/images/M/MV5BMGE3MDZhNmMtMmUxZS00MDJmLTgxYmQtOGU4ODU0Y2JmNDI1XkEyXkFqcGc@._V1_.jpg,"A Victorian surgeon rescues a heavily-disfigured and mistreated young man working as a sideshow freak, who gradually reveals his capacity for kindness, intelligence and sophistication."
163,Klaus,2019.0,8.2,220761,96,"Animation, Adventure, Comedy",,,https://www.imdb.com/title/tt4729430/,https://m.media-amazon.com/images/M/MV5BZDA4ODhlMzctNGRmYi00NmViLTkxZGYtZjRkNGQ5YzYwYWVlXkEyXkFqcGc@._V1_.jpg,"A simple act of kindness always sparks another, even in a frozen, faraway place. When Smeerensburg&apos;s new postman, Jesper, befriends toymaker Klaus, their gifts melt an age-old feud and deliver a sleigh full of holiday traditions."
164,Dial M for Murder,1954.0,8.2,200992,105,"Crime, Drama, Mystery",,,https://www.imdb.com/title/tt0046912/,https://m.media-amazon.com/images/M/MV5BZmYzNDgzYjgtNmU3Ny00YzUxLWE3OWUtMjIxZmNkYTVhNDZmXkEyXkFqcGc@._V1_.jpg,"A London playboy plots the perfect murder of his rich, unfaithful wife."
165,Gone with the Wind,1940.0,8.2,351028,238,"Drama, Romance, War",,,https://www.imdb.com/title/tt0031381/,https://m.media-amazon.com/images/M/MV5BYmYxZTE3YzMtYmE2Yy00NmFlLTkzYTAtYTAzN2IzNDFkN2E0XkEyXkFqcGc@._V1_.jpg,A sheltered and manipulative Southern belle and a roguish profiteer face off in a turbulent romance as the society around them crumbles with the end of slavery and is rebuilt during the Civil War and Reconstruction periods.
166,El secreto de sus ojos,2010.0,8.2,237258,129,"Drama, Mystery, Romance",,,https://www.imdb.com/title/tt1305806/,https://m.media-amazon.com/images/M/MV5BMTgwNTI3OTczOV5BMl5BanBnXkFtZTcwMTM3MTUyMw@@._V1_.jpg,"A retired legal counselor writes a novel hoping to find closure for one of his past unresolved homicide cases, and for his unreciprocated love with his superior--both of which still haunt him decades later."
167,Chinatown,1974.0,8.1,370507,130,"Drama, Mystery, Thriller",,,https://www.imdb.com/title/tt0071315/,https://m.media-amazon.com/images/M/MV5BNmRmZTE0NmUtZjhiZi00MzQ3LTk3ZjctN2Q3ODYzY2U3MDk3XkEyXkFqcGc@._V1_.jpg,"A private detective hired to expose an adulterer in 1930s Los Angeles finds himself caught up in a web of deceit, corruption, and murder."
168,"Lock, Stock and Two Smoking Barrels",1998.0,8.1,641823,107,"Comedy, Crime",,,https://www.imdb.com/title/tt0120735/,https://m.media-amazon.com/images/M/MV5BMmY1M2M5ZmMtYzllZC00YzAxLTk4MjktZDJkNjA1MTUwMGQ4XkEyXkFqcGc@._V1_.jpg,"When four small-time criminals lose a rigged poker game against a London kingpin, he gives them one week to settle their enormous debt."
169,V for Vendetta,2006.0,8.1,1228598,132,"Action, Drama, Sci-Fi",,,https://www.imdb.com/title/tt0434409/,https://m.media-amazon.com/images/M/MV5BOTI5ODc3NzExNV5BMl5BanBnXkFtZTcwNzYxNzQzMw@@._V1_.jpg,"In a future British dystopian society, a shadowy freedom fighter, known only by the alias of &quot;V&quot;, plots to overthrow the tyrannical government - with the help of a young woman."
170,Rashômon,1951.0,8.1,192693,88,"Crime, Drama, Mystery",,,https://www.imdb.com/title/tt0042876/,https://m.media-amazon.com/images/M/MV5BZDlkYjViMDAtYjkxNy00ZDk1LWE5MmUtNDc4NDU3ZWJmOTYzXkEyXkFqcGc@._V1_.jpg,"The rape of a bride and the murder of her samurai husband are recalled from the perspectives of a bandit, the bride, the samurai&apos;s ghost and a woodcutter."
171,Inside Out,2015.0,8.1,887600,95,"Animation, Adventure, Comedy",,,https://www.imdb.com/title/tt2096673/,https://m.media-amazon.com/images/M/MV5BOTgxMDQwMDk0OF5BMl5BanBnXkFtZTgwNjU5OTg2NDE@._V1_.jpg,"After young Riley is uprooted from her Midwest life and moved to San Francisco, her emotions, Joy, Fear, Anger, Disgust, and Sadness, conflict on how best to navigate a new city, house, and school."
172,Gekijô-ban Kimetsu no Yaiba Mugen Jô-hen,2025.0,8.5,45738,155,"Animation, Action, Adventure",,,https://www.imdb.com/title/tt32820897/,https://m.media-amazon.com/images/M/MV5BOGQ3YWUzYjEtMTJiYy00ZjQ0LWI0YjktYjhiNGVhNGExYTM3XkEyXkFqcGc@._V1_.jpg,"The Demon Slayer Corps are drawn into the Infinity Castle, where Tanjiro and the Hashira face terrifying Upper Rank demons in a desperate fight as the final battle against Muzan Kibutsuji begins."
173,Catch Me If You Can,2002.0,8.1,1193056,141,"Biography, Crime, Drama",,,https://www.imdb.com/title/tt0264464/,https://m.media-amazon.com/images/M/MV5BMTY5MzYzNjc5NV5BMl5BanBnXkFtZTYwNTUyNTc2._V1_.jpg,"Barely 17 yet, Frank is a skilled forger who has passed as a doctor, lawyer and pilot. FBI agent Carl becomes obsessed with tracking down the con man, who only revels in the pursuit."
174,"Three Billboards Outside Ebbing, Missouri",2017.0,8.1,593036,115,"Comedy, Crime, Drama",,,https://www.imdb.com/title/tt5027774/,https://m.media-amazon.com/images/M/MV5BMjI0ODcxNzM1N15BMl5BanBnXkFtZTgwMzIwMTEwNDI@._V1_.jpg,A mother personally challenges the local authorities to solve her daughter&apos;s murder when they fail to catch the culprit.
175,Trainspotting,1996.0,8.1,758347,93,"Crime, Drama",,,https://www.imdb.com/title/tt0117951/,https://m.media-amazon.com/images/M/MV5BYmVkNGJkMzQtYWQwOS00OTZmLThjODQtZjNjNzllYzRiNTE0XkEyXkFqcGc@._V1_.jpg,"Renton, deeply immersed in the Edinburgh drug scene, tries to clean up and get out despite the allure of drugs and the influence of friends."
176,The Bridge on the River Kwai,1957.0,8.1,245240,161,"Adventure, Drama, War",,,https://www.imdb.com/title/tt0050212/,https://m.media-amazon.com/images/M/MV5BNzdkYmU2YmItNmZiYy00OWQyLTg0YWYtZmUxM2U3YTRiNTQ1XkEyXkFqcGc@._V1_.jpg,"British POWs are forced to build a railway bridge across the river Kwai for their Japanese captors in occupied Burma, not knowing that the allied forces are planning a daring commando raid through the jungle to destroy it."
177,Raging Bull,1980.0,8.1,401966,129,"Biography, Drama, Sport",,,https://www.imdb.com/title/tt0081398/,https://m.media-amazon.com/images/M/MV5BMjlkYmYyZWQtNTZkOS00ZjA0LWEwNWUtNzE2ZGNiYjg0MjA2XkEyXkFqcGc@._V1_.jpg,"The life of boxer Jake LaMotta, whose violence and temper that led him to the top in the ring destroyed his life outside of it."
178,Harry Potter and the Deathly Hallows: Part 2,2011.0,8.1,1017266,130,"Adventure, Family, Fantasy",,,https://www.imdb.com/title/tt1201607/,https://m.media-amazon.com/images/M/MV5BOTA1Mzc2N2ItZWRiNS00MjQzLTlmZDQtMjU0NmY1YWRkMGQ4XkEyXkFqcGc@._V1_.jpg,"As the battle between the forces of good and evil in the wizarding world escalates, Harry Potter draws ever closer to his final confrontation with Voldemort."
179,Fargo,1996.0,8.1,767067,98,"Crime, Drama, Thriller",,,https://www.imdb.com/title/tt0116282/,https://m.media-amazon.com/images/M/MV5BNjg4MWE0MjEtODFhNy00MjA5LTg5ODktMzgwNWFmZTAwNjBlXkEyXkFqcGc@._V1_.jpg,Minnesota car salesman Jerry Lundegaard&apos;s inept crime falls apart due to his and his henchmen&apos;s bungling and the persistent police work of the quite pregnant Marge Gunderson.
180,The Wild Robot,2024.0,8.2,200243,102,"Animation, Adventure, Family",,,https://www.imdb.com/title/tt29623480/,https://m.media-amazon.com/images/M/MV5BZWNiZjVlZTUtNGUwYi00MjJmLTg2MDctNWEzYTJiMzY1ODc4XkEyXkFqcGc@._V1_.jpg,"After a shipwreck, an intelligent robot called Roz is stranded on an uninhabited island. To survive the harsh environment, Roz bonds with the island&apos;s animals and cares for an orphaned baby goose."
181,Warrior,2011.0,8.1,521058,140,"Action, Drama, Sport",,,https://www.imdb.com/title/tt1291584/,https://m.media-amazon.com/images/M/MV5BMTk4ODk5MTMyNV5BMl5BanBnXkFtZTcwMDMyNTg0Ng@@._V1_.jpg,"The youngest son of an alcoholic former boxer returns home, where he&apos;s trained by his father for competition in a mixed martial arts tournament - a path that puts the fighter on a collision course with his estranged, older brother."
182,Dead Poets Society,1989.0,8.1,616400,128,"Comedy, Drama",,,https://www.imdb.com/title/tt0097165/,https://m.media-amazon.com/images/M/MV5BMDYwNGVlY2ItMWYxMS00YjZiLWE5MTAtYWM5NWQ2ZWJjY2Q3XkEyXkFqcGc@._V1_.jpg,"Maverick teacher John Keating returns in 1959 to the prestigious New England boys&apos; boarding school where he was once a star student, using poetry to embolden his pupils to new heights of self-expression."
183,Million Dollar Baby,2005.0,8.1,755036,132,"Drama, Sport",,,https://www.imdb.com/title/tt0405159/,https://m.media-amazon.com/images/M/MV5BMTkxNzA1NDQxOV5BMl5BanBnXkFtZTcwNTkyMTIzMw@@._V1_.jpg,"Frankie, an ill-tempered old coach, reluctantly agrees to train aspiring boxer Maggie. Impressed with her determination and talent, he helps her become the best and the two soon form a close bond."
184,Ben-Hur,1959.0,8.1,266856,212,"Adventure, Drama",,,https://www.imdb.com/title/tt0052618/,https://m.media-amazon.com/images/M/MV5BNjg2M2E1YzYtOThmMC00NjAyLWI5MzgtMDEwOGFiODdlOGUzXkEyXkFqcGc@._V1_.jpg,"A Jewish prince is betrayed and sent into slavery by a Roman friend in 1st-century Jerusalem, but it&apos;s not long before he regains his freedom and comes back for revenge."
185,Mad Max: Fury Road,2015.0,8.1,1184642,120,"Action, Adventure, Sci-Fi",,,https://www.imdb.com/title/tt1392190/,https://m.media-amazon.com/images/M/MV5BZDRkODJhOTgtOTc1OC00NTgzLTk4NjItNDgxZDY4YjlmNDY2XkEyXkFqcGc@._V1_.jpg,"In a post-apocalyptic wasteland, a woman rebels against a tyrannical ruler in search for her homeland with the aid of a group of female prisoners, a psychotic worshipper and a drifter named Max."
186,Barry Lyndon,1975.0,8.1,198195,185,"Adventure, Drama, War",,,https://www.imdb.com/title/tt0072684/,https://m.media-amazon.com/images/M/MV5BNmM2MGQ5Y2UtYzA3ZC00ZDJlLTkwNDYtMjBmZGExZDJiN2RlXkEyXkFqcGc@._V1_.jpg,An Irish rogue wins the heart of a rich widow and assumes her dead husband&apos;s aristocratic position in 18th-century England.
187,Gran Torino,2009.0,8.1,849458,116,Drama,,,https://www.imdb.com/title/tt1205489/,https://m.media-amazon.com/images/M/MV5BMTc5NTk2OTU1Nl5BMl5BanBnXkFtZTcwMDc3NjAwMg@@._V1_.jpg,"After a Hmong teenager tries to steal his prized 1972 Gran Torino, a disgruntled, prejudiced Korean War veteran seeks to redeem both the boy and himself."
188,Tonari no Totoro,1990.0,8.1,418201,86,"Animation, Adventure, Comedy",,,https://www.imdb.com/title/tt0096283/,https://m.media-amazon.com/images/M/MV5BYWM3MDE3YjEtMzIzZC00ODE5LTgxNTItNmUyMTBkM2M2NmNiXkEyXkFqcGc@._V1_.jpg,"When two girls move to the country to be near their ailing mother, they have adventures with the wondrous forest spirits who live nearby."
189,Bacheha-ye aseman,1999.0,8.2,87796,89,"Drama, Family, Sport",,,https://www.imdb.com/title/tt0118849/,https://m.media-amazon.com/images/M/MV5BZWZlMjNhNzgtZGRhOS00Y2U5LThjOTctODNjZTI0ZTBiYzBhXkEyXkFqcGc@._V1_.jpg,"After a boy loses his sister&apos;s pair of shoes, he goes on a series of adventures in order to find them. When he can&apos;t, he tries a new way to &quot;win&quot; a new pair."
190,Hacksaw Ridge,2016.0,8.1,655926,139,"Biography, Drama, History",,,https://www.imdb.com/title/tt2119532/,https://m.media-amazon.com/images/M/MV5BMjQ1NjM3MTUxNV5BMl5BanBnXkFtZTgwMDc5MTY5OTE@._V1_.jpg,"World War II American Army Medic Desmond T. Doss, serving during the Battle of Okinawa, refuses to kill people and becomes the first man in American history to receive the Medal of Honor without firing a shot."
191,The Grand Budapest Hotel,2014.0,8.1,943765,99,"Comedy, Drama",,,https://www.imdb.com/title/tt2278388/,https://m.media-amazon.com/images/M/MV5BMzM5NjUxOTEyMl5BMl5BanBnXkFtZTgwNjEyMDM0MDE@._V1_.jpg,"A writer encounters the owner of an aging high-class hotel, who tells him of his early years serving as a lobby boy in the hotel&apos;s glorious years under an exceptional concierge."
192,12 Years a Slave,2013.0,8.1,773630,134,"Biography, Drama, History",,,https://www.imdb.com/title/tt2024544/,https://m.media-amazon.com/images/M/MV5BMjExMTEzODkyN15BMl5BanBnXkFtZTcwNTU4NTc4OQ@@._V1_.jpg,"In the antebellum United States, Solomon Northup, a free black man from upstate New York, is abducted and sold into slavery."
193,Before Sunrise,1995.0,8.1,367172,101,"Comedy, Drama, Romance",,,https://www.imdb.com/title/tt0112471/,https://m.media-amazon.com/images/M/MV5BZDZhZmI1ZTUtYWI3NC00NTMwLTk3NWMtNDc0OGNjM2I0ZjlmXkEyXkFqcGc@._V1_.jpg,"A young man and woman meet on a train in Europe, and wind up spending one evening together in Vienna. Unfortunately, both know that this will probably be their only night together."
194,Blade Runner,1982.0,8.1,866126,117,"Action, Drama, Sci-Fi",,,https://www.imdb.com/title/tt0083658/,https://m.media-amazon.com/images/M/MV5BOWQ4YTBmNTQtMDYxMC00NGFjLTkwOGQtNzdhNmY1Nzc1MzUxXkEyXkFqcGc@._V1_.jpg,A blade runner must pursue and terminate four replicants who stole a ship in space and have returned to Earth to find their creator.
195,Spider-Man: No Way Home,2021.0,8.2,982172,148,"Action, Adventure, Fantasy",,,https://www.imdb.com/title/tt10872600/,https://m.media-amazon.com/images/M/MV5BMmFiZGZjMmEtMTA0Ni00MzA2LTljMTYtZGI2MGJmZWYzZTQ2XkEyXkFqcGc@._V1_.jpg,"With Spider-Man&apos;s identity now revealed, Peter asks Doctor Strange for help. When a spell goes wrong, dangerous foes from other worlds start to appear."
196,Salinui chueok,2003.0,8.1,253020,132,"Crime, Drama, Mystery",,,https://www.imdb.com/title/tt0353969/,https://m.media-amazon.com/images/M/MV5BYmRjOWE5NmMtYTdkYS00ODFlLWJiMTMtYzE2NDZlZjlkZDQ0XkEyXkFqcGc@._V1_.jpg,"In a small Korean province in 1986, two detectives struggle with the case of multiple young women being found raped and murdered by an unknown culprit."
197,Ratatouille,2007.0,8.1,910570,111,"Animation, Adventure, Comedy",,,https://www.imdb.com/title/tt0382932/,https://m.media-amazon.com/images/M/MV5BMTMzODU0NTkxMF5BMl5BanBnXkFtZTcwMjQ4MzMzMw@@._V1_.jpg,A rat who can cook makes an unusual alliance with a young kitchen worker at a famous Paris restaurant.
198,Gone Girl,2014.0,8.1,1141577,149,"Drama, Mystery, Thriller",,,https://www.imdb.com/title/tt2267998/,https://m.media-amazon.com/images/M/MV5BMTk0MDQ3MzAzOV5BMl5BanBnXkFtZTgwNzU1NzE3MjE@._V1_.jpg,The husband of a missing woman becomes the main suspect in her disappearance.
199,How to Train Your Dragon,2010.0,8.1,869531,98,"Animation, Action, Adventure",,,https://www.imdb.com/title/tt0892769/,https://m.media-amazon.com/images/M/MV5BMjA5NDQyMjc2NF5BMl5BanBnXkFtZTcwMjg5ODcyMw@@._V1_.jpg,"A hapless young Viking who aspires to hunt dragons becomes the unlikely friend of a young dragon himself, and learns there may be more to the creatures than he assumed."
200,"Monsters, Inc.",2001.0,8.1,1047674,92,"Animation, Adventure, Comedy",,,https://www.imdb.com/title/tt0198781/,https://m.media-amazon.com/images/M/MV5BMTY1NTI0ODUyOF5BMl5BanBnXkFtZTgwNTEyNjQ0MDE@._V1_.jpg,"In order to power the city, monsters have to scare children so that they scream. However, the children are toxic to the monsters, and after a child gets through, two monsters realize things may not be what they think."
201,Jaws,1975.0,8.1,719091,124,"Adventure, Horror, Thriller",,,https://www.imdb.com/title/tt0073195/,https://m.media-amazon.com/images/M/MV5BYjViNDQzNmUtYzkxZi00NTk5LTljMmItYjJlZmZkODIxNjU1XkEyXkFqcGc@._V1_.jpg,"When a massive killer shark unleashes chaos on a beach community off Long Island, it&apos;s up to the local police chief, a marine biologist, and an old seafarer to hunt the beast down."
202,In the Name of the Father,1994.0,8.1,199230,133,"Biography, Crime, Drama",,,https://www.imdb.com/title/tt0107207/,https://m.media-amazon.com/images/M/MV5BMGZiZDVjNzYtZWM4ZC00MzVkLThhNDEtMDJlOTBhYzVjMmNhXkEyXkFqcGc@._V1_.jpg,"An Irish man&apos;s coerced confession to an I.R.A. bombing he did not commit results in the imprisonment of his father as well. Meanwhile, a British lawyer fights to clear their names and free them."
203,Ford v Ferrari,2019.0,8.1,545443,152,"Action, Biography, Drama",,,https://www.imdb.com/title/tt1950186/,https://m.media-amazon.com/images/M/MV5BOTBjNTEyNjYtYjdkNi00YzE5LTljYzUtZjVlYmYwZmJmZWYxXkEyXkFqcGc@._V1_.jpg,American car designer Carroll Shelby and driver Ken Miles battle corporate interference and the laws of physics to build a revolutionary race car for Ford in order to defeat Ferrari at the 24 Hours of Le Mans in 1966.
204,Relatos salvajes,2014.0,8.1,233108,122,"Comedy, Drama, Thriller",,,https://www.imdb.com/title/tt3011894/,https://m.media-amazon.com/images/M/MV5BNzAzMjA1ODAxOV5BMl5BanBnXkFtZTgwODg4NTQzNDE@._V1_.jpg,Six short stories that explore the extremities of human behavior involving people in distress.
205,The Gold Rush,1925.0,8.1,126135,95,"Adventure, Comedy, Drama",,,https://www.imdb.com/title/tt0015864/,https://m.media-amazon.com/images/M/MV5BNGU1NjYzYTAtZmY0YS00NWIzLTkzNzUtYzc2ZTIyOTIxZjVhXkEyXkFqcGc@._V1_.jpg,"A prospector goes to the Klondike during the 1890s gold rush in hopes of making his fortune, and is smitten with a girl he sees in a dance hall."
206,Sherlock Jr.,1924.0,8.1,63780,45,"Action, Comedy, Romance",,,https://www.imdb.com/title/tt0015324/,https://m.media-amazon.com/images/M/MV5BMjQzM2E2NjYtYmRjMC00ZmVlLTljZTgtNmQ5MGZlNDYyZTc5XkEyXkFqcGc@._V1_.jpg,"A film projectionist longs to be a detective, and puts his meagre skills to work when he is framed by a rival for stealing his girlfriend&apos;s father&apos;s pocketwatch."
207,Mary and Max.,2009.0,8.1,198915,92,"Animation, Comedy, Drama",,,https://www.imdb.com/title/tt0978762/,https://m.media-amazon.com/images/M/MV5BNzY2Mjc4NjMtNGY4Mi00NzM5LTk3ZTQtN2VkNzVkMzRmM2Y2XkEyXkFqcGc@._V1_.jpg,"In 1976 Melbourne, a lonely 8-year-old girl strikes up a correspondence with an unlikely pen pal: a severely obese 44-year-old New Yorker with Asperger&apos;s syndrome."
208,The Deer Hunter,1979.0,8.1,380702,183,"Drama, War",,,https://www.imdb.com/title/tt0077416/,https://m.media-amazon.com/images/M/MV5BZGI4YmVhMzMtMWExMS00MGZiLTg2MmItM2I2MWZjODAyM2U5XkEyXkFqcGc@._V1_.jpg,The lives of a group of friends are forever changed by the Vietnam War.
209,Le salaire de la peur,1955.0,8.1,71934,156,"Adventure, Drama, Thriller",,,https://www.imdb.com/title/tt0046268/,https://m.media-amazon.com/images/M/MV5BMDdhOGMwODQtZGM2MS00NGQxLWEyZDMtOTkzMjFjYjI3ZmM2XkEyXkFqcGc@._V1_.jpg,"In a decrepit South American village, four men are hired to transport an urgent nitroglycerine shipment without the equipment that would make it safe."
210,The General,1927.0,8.1,104312,78,"Action, Adventure, Comedy",,,https://www.imdb.com/title/tt0017925/,https://m.media-amazon.com/images/M/MV5BMTVhM2Y1MDUtMDkxYi00Y2UxLWI2MTMtZjMzYTY4ODM4MGIzXkEyXkFqcGc@._V1_.jpg,"After being rejected by the Confederate military, not realizing it was due to his crucial civilian role, an engineer must single-handedly recapture his beloved locomotive after it is seized by Union spies and return it through ene..."
211,Mr. Smith Goes to Washington,1939.0,8.1,127671,129,"Comedy, Drama",,,https://www.imdb.com/title/tt0031679/,https://m.media-amazon.com/images/M/MV5BMDU4ZjNmMjEtMjcxYi00NDAxLWFlMjQtNWIyNjg5NWUzNTdjXkEyXkFqcGc@._V1_.jpg,"A naive youth leader is appointed to fill a vacancy in the U.S. Senate. His idealistic plans promptly collide with corruption at home and subterfuge from his hero in Washington, but he tries to forge ahead despite attacks on his c..."
212,Logan,2017.0,8.1,906070,137,"Action, Drama, Sci-Fi",,,https://www.imdb.com/title/tt3315342/,https://m.media-amazon.com/images/M/MV5BM2JjODdkMGMtNmY2YS00OGM2LThiY2YtZGYyNzE4Nzc2ODA0XkEyXkFqcGc@._V1_.jpg,"In a future where mutants are nearly extinct, an elderly and weary Logan leads a quiet life. But when Laura, a mutant child pursued by scientists, comes to him for help, he must get her to safety."
213,On the Waterfront,1954.0,8.1,174966,108,"Crime, Drama, Thriller",,,https://www.imdb.com/title/tt0047296/,https://m.media-amazon.com/images/M/MV5BZDJlYTM1ZGYtZTM4YS00MzFhLThiZjktYzQ0ZjAzMGYwZTU3XkEyXkFqcGc@._V1_.jpg,"An ex-prize fighter turned New Jersey longshoreman struggles to stand up to his corrupt union bosses, including his older brother, as he starts to connect with the grieving sister of one of the syndicate&apos;s victims."
214,Rocky,1976.0,8.1,672937,120,"Drama, Sport",,,https://www.imdb.com/title/tt0075148/,https://m.media-amazon.com/images/M/MV5BZDEyY2M2MGMtYjg5OC00ZWFjLWFkZDQtNmQzZTdiYmYzZTBkXkEyXkFqcGc@._V1_.jpg,A small-time Philadelphia boxer gets a supremely rare chance to fight the world heavyweight champion in a bout in which he strives to go the distance for his self-respect.
215,Smultronstället,1959.0,8.1,122366,92,"Drama, Romance",,,https://www.imdb.com/title/tt0050986/,https://m.media-amazon.com/images/M/MV5BZWQ5MDllM2EtZWRmNS00MmZiLWI4ZWQtMjRiY2Q5MTAxODY4XkEyXkFqcGc@._V1_.jpg,"After living a life marked by coldness, an aging professor is forced to confront the emptiness of his existence."
216,Tôkyô monogatari,1972.0,8.1,75746,137,Drama,,,https://www.imdb.com/title/tt0046438/,https://m.media-amazon.com/images/M/MV5BODdkNzcxZjItMDU2Yy00Y2JlLWFkYTQtNzIwM2Q4MWU5MTU2XkEyXkFqcGc@._V1_.jpg,"An old couple visit their children and grandchildren in the city, but receive little attention."
217,The Third Man,1950.0,8.1,192174,104,"Drama, Film-Noir, Mystery",,,https://www.imdb.com/title/tt0041959/,https://m.media-amazon.com/images/M/MV5BNGVjMTMxZTQtMmVlNy00YmI0LWJjMDUtYTgyZWU1Njg5ZGRiXkEyXkFqcGc@._V1_.jpg,"Pulp novelist Holly Martins travels to shadowy, postwar Vienna, only to find himself investigating the mysterious death of an old friend, Harry Lime."
218,Pirates of the Caribbean: The Curse of the Black Pearl,2003.0,8.1,1291111,143,"Action, Adventure, Fantasy",,,https://www.imdb.com/title/tt0325980/,https://m.media-amazon.com/images/M/MV5BNDhlMzEyNzItMTA5Mi00YWRhLThlNTktYTQyMTA0MDIyNDEyXkEyXkFqcGc@._V1_.jpg,"Blacksmith Will Turner teams up with eccentric pirate &quot;Captain&quot; Jack Sparrow to save Elizabeth Swann, the governor&apos;s daughter and his love, from Jack&apos;s former pirate allies, who are now undead."
219,Spotlight,2015.0,8.1,526108,129,"Biography, Crime, Drama",,,https://www.imdb.com/title/tt1895587/,https://m.media-amazon.com/images/M/MV5BMjIyOTM5OTIzNV5BMl5BanBnXkFtZTgwMDkzODE2NjE@._V1_.jpg,"The true story of how the Boston Globe uncovered the massive scandal of child molestation and cover-up within the local Catholic Archdiocese, shaking the entire Catholic Church to its core."
220,Maharaja,2024.0,8.3,75242,141,"Action, Crime, Drama",,,https://www.imdb.com/title/tt26548265/,https://m.media-amazon.com/images/M/MV5BOTFlMTIxOGItZTk0Zi00MTk2LWJiM2UtMzlhZWYzNjQ4N2Y3XkEyXkFqcGc@._V1_.jpg,"A barber seeks vengeance after his home is burglarized, cryptically telling police his &quot;lakshmi&quot; has been taken, leaving them uncertain if it&apos;s a person or object. His quest to recover the elusive &quot;lakshmi&quot; unfolds."
221,The Terminator,1984.0,8.1,980919,107,"Action, Adventure, Sci-Fi",,,https://www.imdb.com/title/tt0088247/,https://m.media-amazon.com/images/M/MV5BZmE0YzIxM2QtMGNlMi00MjRmLWE3MWMtOWQzMGVjMmU0YTFmXkEyXkFqcGc@._V1_.jpg,A cyborg assassin from the future attempts to find and kill a young woman who is destined to give birth to a warrior that will lead a resistance to save humankind from extinction.
222,La haine,1996.0,8.1,217946,98,"Crime, Drama",,,https://www.imdb.com/title/tt0113247/,https://m.media-amazon.com/images/M/MV5BMThlMDA3NDYtZGM2Zi00NmJhLThlYWItZjViZTkzZWU1ZWRiXkEyXkFqcGc@._V1_.jpg,24 hours in the lives of three young men in the French suburbs the day after a violent riot.
223,The Big Lebowski,1998.0,8.1,902162,117,"Comedy, Crime",,,https://www.imdb.com/title/tt0118715/,https://m.media-amazon.com/images/M/MV5BY2E3OWQ5OWYtYTRkMC00NjVjLWIzZDQtNmRmM2ZiYTIyYmYxXkEyXkFqcGc@._V1_.jpg,"Jeff &quot;The Dude&quot; Lebowski, mistaken for a millionaire of the same name, seeks restitution for his ruined rug and enlists his bowling buddies to help get it."
224,Jai Bhim,2021.0,8.6,230023,164,"Crime, Drama",,,https://www.imdb.com/title/tt15097216/,https://m.media-amazon.com/images/M/MV5BZjEyNDIzNmEtMjdkYS00ZDAwLTljOWYtNDRhYTVhYTlmOTk1XkEyXkFqcGc@._V1_.jpg,"When a tribal man is arrested for a case of alleged theft, his wife turns to a human-rights lawyer to help bring justice."
225,Det sjunde inseglet,1958.0,8.1,212170,96,"Drama, Fantasy",,,https://www.imdb.com/title/tt0050976/,https://m.media-amazon.com/images/M/MV5BZDlmYTkzOWUtODQ0MS00MmM4LWE3ZjMtYTEwNGUwMmJkYzIxXkEyXkFqcGc@._V1_.jpg,"A knight returning to Sweden after the Crusades seeks answers about life, death, and the existence of God as he plays chess against the Grim Reaper during the Black Plague."
226,Room,2016.0,8.1,473475,118,"Drama, Thriller",,,https://www.imdb.com/title/tt3170832/,https://m.media-amazon.com/images/M/MV5BMjE4NzgzNzEwMl5BMl5BanBnXkFtZTgwMTMzMDE0NjE@._V1_.jpg,"A little boy is held captive in a room with his mother since his birth, so he has never known the world outside."
227,Hotel Rwanda,2005.0,8.1,387481,121,"Biography, Drama, History",,,https://www.imdb.com/title/tt0395169/,https://m.media-amazon.com/images/M/MV5BY2FmMWRmZmQtN2IzMS00OGVmLWFmNjktMTM0YWQzODcwYTEwXkEyXkFqcGc@._V1_.jpg,"Paul Rusesabagina, a hotel manager, houses over a thousand Tutsi refugees during their struggle against the Hutu militia in Rwanda, Africa."
228,The Sound of Music,1965.0,8.1,283186,174,"Biography, Drama, Family",,,https://www.imdb.com/title/tt0059742/,https://m.media-amazon.com/images/M/MV5BYWJhYmU4MjQtZDJhYi00ZGVjLTlkNTEtNzkzNGVjOWQ3MjcwXkEyXkFqcGc@._V1_.jpg,A young novice is sent by her convent in 1930s Austria to become a governess to the seven children of a widowed naval officer.
229,The Best Years of Our Lives,1947.0,8.1,75997,170,"Drama, Romance, War",,,https://www.imdb.com/title/tt0036868/,https://m.media-amazon.com/images/M/MV5BNTgxMzUyODQtMDJmZC00ZGMyLWI3MzAtZTYwYjBjZjFmMzIxXkEyXkFqcGc@._V1_.jpg,Three traumatized or physically disabled World War II veterans return home to the American Midwest to discover that they and their families have been irreparably changed making readjustment difficult.
230,Platoon,1987.0,8.1,463119,120,"Drama, War",,,https://www.imdb.com/title/tt0091763/,https://m.media-amazon.com/images/M/MV5BZjE4YjllODAtZGMxZS00Mjg2LThkOWUtZjNkMjQ5YThiNDU4XkEyXkFqcGc@._V1_.jpg,"Chris Taylor, a neophyte recruit in Vietnam, finds himself caught in a battle of wills between two sergeants, one good and the other evil. A shrewd examination of the brutality of war and the duality of man in conflict."
231,Before Sunset,2004.0,8.1,307809,80,"Drama, Romance",,,https://www.imdb.com/title/tt0381681/,https://m.media-amazon.com/images/M/MV5BMTQ1MjAwNTM5Ml5BMl5BanBnXkFtZTYwNDM0MTc3._V1_.jpg,"Nine years after Jesse and Celine first met, they encounter each other again on the French leg of Jesse&apos;s book tour."
232,The Incredibles,2004.0,8.0,875776,115,"Animation, Action, Adventure",,,https://www.imdb.com/title/tt0317705/,https://m.media-amazon.com/images/M/MV5BMTY5OTU0OTc2NV5BMl5BanBnXkFtZTcwMzU4MDcyMQ@@._V1_.jpg,"While trying to lead a quiet suburban life, a family of undercover superheroes are forced into action to save the world."
233,The Exorcist,1973.0,8.1,487333,122,Horror,,,https://www.imdb.com/title/tt0070047/,https://m.media-amazon.com/images/M/MV5BZjg3YjE4ZjAtYTdmYS00ZTBkLWE1ZjgtNzAzODUwNzRiYjlmXkEyXkFqcGc@._V1_.jpg,"When a mysterious entity possesses a young girl, her mother seeks the help of two Catholic priests to save her life."
234,Koe no Katachi,2016.0,8.2,129547,130,"Animation, Drama",,,https://www.imdb.com/title/tt5323662/,https://m.media-amazon.com/images/M/MV5BOTFiNzRiOWEtYTQwNy00NmRiLWE0ZWYtNTE0YjExZjFmZjkwXkEyXkFqcGc@._V1_.jpg,"A deaf girl, Shoko, is bullied by the popular Shoya. As Shoya continues to bully Shoko, the class turns its back on him. Shoko transfers and Shoya grows up as an outcast. Alone and depressed, the regretful Shoya finds Shoko to mak..."
235,Hachi: A Dog&apos;s Tale,2010.0,8.1,334553,93,"Biography, Drama, Family",,,https://www.imdb.com/title/tt1028532/,https://m.media-amazon.com/images/M/MV5BNTU5NjYyYTgtZGQ3My00MzRhLThjNGYtZmVjN2JjYjhkMjhhXkEyXkFqcGc@._V1_.jpg,"Professor Wilson discovers a lost Akita puppy on his way home. Despite objections from his wife, Hachi endears himself to the family and grows to be Parker&apos;s loyal companion. As their bond grows deeper, a beautiful relationship un..."
236,Rush,2013.0,8.1,546791,123,"Biography, Drama, Sport",,,https://www.imdb.com/title/tt1979320/,https://m.media-amazon.com/images/M/MV5BMTZhOGQxM2ItNGQyYy00YzE5LWI5MjMtNmMzNGQzNDE1OTUzXkEyXkFqcGc@._V1_.jpg,"James Hunt and Niki Lauda, two extremely skilled Formula One racers, have an intense rivalry with each other. However, it is their enmity that pushes them to their limits."
237,The Wizard of Oz,1939.0,8.1,457548,102,"Adventure, Family, Fantasy",,,https://www.imdb.com/title/tt0032138/,https://m.media-amazon.com/images/M/MV5BYWRmY2I0MGItYTQ0OC00NWZmLWIwMDktYjJlNDc0MzVhMmViXkEyXkFqcGc@._V1_.jpg,"Young Dorothy Gale and her dog Toto are swept away by a tornado from their Kansas farm to the magical Land of Oz and embark on a quest with three new friends to see the Wizard, who can return her to her home and fulfill the others..."
238,Stand by Me,1986.0,8.1,473552,89,"Adventure, Comedy, Drama",,,https://www.imdb.com/title/tt0092005/,https://m.media-amazon.com/images/M/MV5BNGJkNTUwM2MtZWE2MS00YjNkLWE3MjktNWQwZDQxMDIyZWVmXkEyXkFqcGc@._V1_.jpg,A writer recounts a childhood journey with his friends to find the body of a missing boy.
239,La passion de Jeanne d&apos;Arc,1928.0,8.1,66551,114,"Biography, Drama, History",,,https://www.imdb.com/title/tt0019254/,https://m.media-amazon.com/images/M/MV5BNTE1MDliZjgtYTU2Yy00YjAxLTljYTItNDE2ZGYwYTY1MGQ1XkEyXkFqcGc@._V1_.jpg,"In 1431, Jeanne d&apos;Arc is placed on trial on charges of heresy, and the ecclesiastical jurists attempt to force her to recant her claims of holy visions."
240,The Iron Giant,1999.0,8.1,251709,86,"Animation, Action, Adventure",,,https://www.imdb.com/title/tt0129167/,https://m.media-amazon.com/images/M/MV5BODM4ZjZjMGEtYmFiMy00MThjLWIzZjUtMDU0ODg1NTI2MzIwXkEyXkFqcGc@._V1_.jpg,A young boy befriends a giant robot from outer space that a paranoid government agent wants to destroy.
241,Babam ve Oglum,2005.0,8.2,98923,112,"Drama, Family",,,https://www.imdb.com/title/tt0476735/,https://m.media-amazon.com/images/M/MV5BZDE3MTBkNmQtNGFjMC00YTcwLWExY2ItN2MyMGZkNWJlMmFmXkEyXkFqcGc@._V1_.jpg,The family of a left-wing journalist is torn apart after the military coup of Turkey in 1980.
242,Ah-ga-ssi,2017.0,8.1,194491,145,"Drama, Romance, Thriller",,,https://www.imdb.com/title/tt4016934/,https://m.media-amazon.com/images/M/MV5BOTllZDI1OGItOGUxNS00OGZhLWIzMjAtYzllZTY1YTA0ZmYwXkEyXkFqcGc@._V1_.jpg,"In 1930s Korea, a girl is hired as a handmaiden to a Japanese heiress who lives a secluded life on a countryside estate. But the maid has a secret: She is a pickpocket recruited by a swindler to help seduce the Lady and steal her ..."
243,Network,1976.0,8.1,182549,121,Drama,,,https://www.imdb.com/title/tt0074958/,https://m.media-amazon.com/images/M/MV5BY2E4ZGJiNTMtZTAxZC00MmVlLWI1NjYtMGVhMjhkOGEwZDhjXkEyXkFqcGc@._V1_.jpg,"A television network cynically exploits a deranged former anchor&apos;s ravings and revelations about mass media for its own profit, but finds that his message may be difficult to control."
244,La battaglia di Algeri,1967.0,8.1,73286,121,"Drama, War",,,https://www.imdb.com/title/tt0058946/,https://m.media-amazon.com/images/M/MV5BMTY2Mjk0OGEtYTM3Yy00ZWZiLWFhNjAtNGExMjEzNGVmMDMxXkEyXkFqcGc@._V1_.jpg,"In the 1950s, fear and violence escalate as the people of Algiers fight for independence from the French government."
245,Gekijô-ban Kimetsu no Yaiba Mugen Ressha-hen,2021.0,8.2,92865,117,"Animation, Action, Adventure",,,https://www.imdb.com/title/tt11032374/,https://m.media-amazon.com/images/M/MV5BNzEzYjhkYTctMWNmZS00MTc5LWI4OWUtZjFkNzNkYTNkMTJlXkEyXkFqcGc@._V1_.jpg,"After his family was brutally murdered and his sister turned into a demon, Tanjiro Kamado&apos;s journey as a demon slayer began. Tanjiro and his comrades embark on a new mission aboard the Mugen Train, on track to despair."
246,The Grapes of Wrath,1940.0,8.1,106696,129,Drama,,,https://www.imdb.com/title/tt0032551/,https://m.media-amazon.com/images/M/MV5BZDgzZjk3OGYtNWI2Ny00MDg3LTgwYWEtNjI1ODAxNjA3ZmFlXkEyXkFqcGc@._V1_.jpg,"An Oklahoma family, driven off their farm by the poverty and hopelessness of the Dust Bowl, joins the westward migration to California, suffering the misfortunes of the homeless in the Great Depression."
247,To Be or Not to Be,1942.0,8.1,48324,99,"Comedy, Romance, War",,,https://www.imdb.com/title/tt0035446/,https://m.media-amazon.com/images/M/MV5BMTA5OTRkZGUtNDhhOS00OThmLTgwZWYtZGZkM2M4YjZhNzc5XkEyXkFqcGc@._V1_.jpg,"During the German occupation of Poland, an acting troupe becomes embroiled in a Polish soldier&apos;s efforts to track down a German spy."
248,Gangs of Wasseypur,2012.0,8.2,110637,321,"Action, Comedy, Crime",,,https://www.imdb.com/title/tt1954470/,https://m.media-amazon.com/images/M/MV5BMTc5NjY4MjUwNF5BMl5BanBnXkFtZTgwODM3NzM5MzE@._V1_.jpg,"A clash between Sultan and Shahid Khan leads to the expulsion of Khan from Wasseypur, and ignites a deadly blood feud spanning three generations."
249,Drishyam,2015.0,8.2,104443,163,"Crime, Drama, Mystery",,,https://www.imdb.com/title/tt4430212/,https://m.media-amazon.com/images/M/MV5BM2NmMGFjYTYtNWEwNS00MTM4LWE2ZTktNzZjMTE0OTQyNjFiXkEyXkFqcGc@._V1_.jpg,"Desperate measures are taken by a man who tries to save his family from the dark side of the law, after they commit an unexpected crime."
250,The Help,2011.0,8.1,520461,146,Drama,,,https://www.imdb.com/title/tt1454029/,https://m.media-amazon.com/images/M/MV5BMTM5OTMyMjIxOV5BMl5BanBnXkFtZTcwNzU4MjIwNQ@@._V1_.jpg,"An aspiring author during the civil rights movement of the 1960s decides to write a book detailing the African American maids&apos; point of view on the white families for which they work, and the hardships they go through on a daily b..."
